player_id,player_name,player_position,team_shortname,top_movement,top_off_ball_runs,top_press,top_movement_build_up,top_movement_create,top_movement_finish,top_movement_direct,top_movement_quick_break,top_movement_transition,top_movement_set_play,top_movement_chaotic,top_off_ball_runs_build_up,top_off_ball_runs_create,top_off_ball_runs_finish,top_off_ball_runs_direct,top_off_ball_runs_quick_break,top_off_ball_runs_transition,top_off_ball_runs_set_play,top_off_ball_runs_chaotic,top_off_ball_runs_behind,top_off_ball_runs_coming_short,top_off_ball_runs_cross_receiver,top_off_ball_runs_dropping_off,top_off_ball_runs_overlap,top_off_ball_runs_pulling_half_space,top_off_ball_runs_pulling_wide,top_off_ball_runs_run_ahead_of_the_ball,top_off_ball_runs_support,top_off_ball_runs_underlap,top_press_pressing,top_press_pressure,top_press_counter_press,top_press_recovery_press,top_press_other,top_movement_winning,top_movement_drawing,top_movement_loosing,top_off_ball_runs_winning,top_off_ball_runs_drawing,top_off_ball_runs_loosing,top_press_winning,top_press_drawing,top_press_loosing,top_movement_left,top_movement_center,top_movement_right,top_movement_middle_third,top_movement_attacking_third,top_movement_penalty,top_off_ball_runs_left,top_off_ball_runs_center,top_off_ball_runs_right,top_off_ball_runs_middle_third,top_off_ball_runs_attacking_third,top_off_ball_runs_penalty,top_movement_jogging,top_movement_running,top_movement_hsr,top_movement_sprinting,top_off_ball_runs_running,top_off_ball_runs_hsr,top_off_ball_runs_sprinting,top_choice,top_choice_attempts,top_choice_winning,top_choice_attempts_winning,top_choice_drawing,top_choice_attempts_drawing,top_choice_loosing,top_choice_attempts_loosing,top_choice_left,top_choice_attempts_left,top_choice_center,top_choice_attempts_center,top_choice_right,top_choice_attempts_right,top_choice_middle_third,top_choice_attempts_middle_third,top_choice_attacking_third,top_choice_attempts_attacking_third,top_choice_penalty,top_choice_attempts_penalty,top_choice_build_up,top_choice_attempts_build_up,top_choice_create,top_choice_attempts_create,top_choice_finish,top_choice_attempts_finish,top_choice_direct,top_choice_attempts_direct,top_choice_quick_break,top_choice_attempts_quick_break,top_choice_transition,top_choice_attempts_transition,top_choice_set_play,top_choice_attempts_set_play,top_choice_chaotic,top_choice_attempts_chaotic,minutes_total,match_played,top_movement_per90,top_off_ball_runs_per90,top_press_per90,top_movement_build_up_per90,top_movement_create_per90,top_movement_finish_per90,top_movement_direct_per90,top_movement_quick_break_per90,top_movement_transition_per90,top_movement_set_play_per90,top_movement_chaotic_per90,top_off_ball_runs_build_up_per90,top_off_ball_runs_create_per90,top_off_ball_runs_finish_per90,top_off_ball_runs_direct_per90,top_off_ball_runs_quick_break_per90,top_off_ball_runs_transition_per90,top_off_ball_runs_set_play_per90,top_off_ball_runs_chaotic_per90,top_off_ball_runs_behind_per90,top_off_ball_runs_coming_short_per90,top_off_ball_runs_cross_receiver_per90,top_off_ball_runs_dropping_off_per90,top_off_ball_runs_overlap_per90,top_off_ball_runs_pulling_half_space_per90,top_off_ball_runs_pulling_wide_per90,top_off_ball_runs_run_ahead_of_the_ball_per90,top_off_ball_runs_support_per90,top_off_ball_runs_underlap_per90,top_press_pressing_per90,top_press_pressure_per90,top_press_counter_press_per90,top_press_recovery_press_per90,top_press_other_per90,top_movement_winning_per90,top_movement_drawing_per90,top_movement_loosing_per90,top_off_ball_runs_winning_per90,top_off_ball_runs_drawing_per90,top_off_ball_runs_loosing_per90,top_press_winning_per90,top_press_drawing_per90,top_press_loosing_per90,top_movement_left_per90,top_movement_center_per90,top_movement_right_per90,top_movement_middle_third_per90,top_movement_attacking_third_per90,top_movement_penalty_per90,top_off_ball_runs_left_per90,top_off_ball_runs_center_per90,top_off_ball_runs_right_per90,top_off_ball_runs_middle_third_per90,top_off_ball_runs_attacking_third_per90,top_off_ball_runs_penalty_per90,top_movement_jogging_per90,top_movement_running_per90,top_movement_hsr_per90,top_movement_sprinting_per90,top_off_ball_runs_running_per90,top_off_ball_runs_hsr_per90,top_off_ball_runs_sprinting_per90
2858,Douglas Costa,CF,Sydney FC,1.82,0.63,1.25,0.03,0.34,0.94,0.06,0.03,0.05,0.08,0.28,0.0,0.04,0.47,0.01,0.0,0.05,0.0,0.06,0.04,0.03,0.01,0.0,0.0,0.01,0.01,0.16,0.31,0.06,0.0,0.5,0.0,0.5,0.25,0.27,0.06,1.5,0.11,0.04,0.48,0.25,0.25,0.75,0.63,0.54,0.66,0.35,1.45,0.13,0.27,0.24,0.12,0.08,0.55,0.09,0.9,0.51,0.16,0.0,0.46,0.17,0.0,0.33,20.0,0.5,2.0,0.0,0.0,0.31,18.0,0.31,6.5,0.56,4.5,0.22,9.0,0.42,9.5,0.27,9.0,1.0,1.0,0.5,1.0,0.4,7.5,0.29,7.0,0.0,0.0,0.0,0.0,0.33,1.5,0.0,1.0,0.25,2.0,107.25,2,1.53,0.53,1.05,0.03,0.29,0.79,0.05,0.03,0.04,0.07,0.23,0.0,0.03,0.39,0.01,0.0,0.04,0.0,0.05,0.03,0.03,0.01,0.0,0.0,0.01,0.01,0.13,0.26,0.05,0.0,0.42,0.0,0.42,0.21,0.23,0.05,1.26,0.09,0.03,0.4,0.21,0.21,0.63,0.53,0.45,0.55,0.29,1.22,0.11,0.23,0.2,0.1,0.07,0.46,0.08,0.76,0.43,0.13,0.0,0.39,0.14,0.0
3443,F. Kurto,GK,Macarthur FC,0.0,0.0,0.0,0.0,0.0,0.0,0.0,0.0,0.0,0.0,0.0,0.0,0.0,0.0,0.0,0.0,0.0,0.0,0.0,0.0,0.0,0.0,0.0,0.0,0.0,0.0,0.0,0.0,0.0,0.0,0.0,0.0,0.0,0.0,0.0,0.0,0.0,0.0,0.0,0.0,0.0,0.0,0.0,0.0,0.0,0.0,0.0,0.0,0.0,0.0,0.0,0.0,0.0,0.0,0.0,0.0,0.0,0.0,0.0,0.0,0.0,0.0,0.36,14.0,0.0,0.0,0.17,6.0,0.5,8.0,0.4,5.0,0.5,2.0,0.29,7.0,0.56,9.0,0.0,0.0,0.0,0.0,0.14,7.0,0.0,0.0,0.0,0.0,0.57,7.0,0.0,0.0,0.0,0.0,0.0,0.0,0.0,0.0,98.75,1,0.0,0.0,0.0,0.0,0.0,0.0,0.0,0.0,0.0,0.0,0.0,0.0,0.0,0.0,0.0,0.0,0.0,0.0,0.0,0.0,0.0,0.0,0.0,0.0,0.0,0.0,0.0,0.0,0.0,0.0,0.0,0.0,0.0,0.0,0.0,0.0,0.0,0.0,0.0,0.0,0.0,0.0,0.0,0.0,0.0,0.0,0.0,0.0,0.0,0.0,0.0,0.0,0.0,0.0,0.0,0.0,0.0,0.0,0.0,0.0,0.0,0.0
4322,H. Sakai,RB,Auckland FC,1.09,0.53,15.25,0.01,0.23,0.56,0.01,0.12,0.01,0.05,0.1,0.0,0.15,0.27,0.01,0.09,0.0,0.0,0.0,0.0,0.0,0.0,0.0,0.12,0.0,0.02,0.24,0.1,0.04,0.0,3.75,0.0,5.25,6.25,0.41,0.32,0.35,0.23,0.13,0.18,6.25,3.5,5.5,0.24,0.16,0.7,0.34,0.72,0.06,0.14,0.08,0.31,0.15,0.38,0.07,0.49,0.23,0.18,0.05,0.26,0.2,0.04,0.26,32.0,0.36,8.33,0.28,13.0,0.16,10.67,0.25,4.0,0.42,8.0,0.2,20.0,0.23,16.33,0.37,11.0,0.62,2.67,0.0,2.0,0.24,15.0,0.31,9.67,1.0,0.67,0.0,0.0,0.0,0.33,0.0,0.67,0.27,3.67,298.1,3,0.33,0.16,4.6,0.0,0.07,0.17,0.0,0.04,0.0,0.02,0.03,0.0,0.05,0.08,0.0,0.03,0.0,0.0,0.0,0.0,0.0,0.0,0.0,0.04,0.0,0.01,0.07,0.03,0.01,0.0,1.13,0.0,1.59,1.89,0.12,0.1,0.11,0.07,0.04,0.05,1.89,1.06,1.66,0.07,0.05,0.21,0.1,0.22,0.02,0.04,0.02,0.09,0.05,0.11,0.02,0.15,0.07,0.05,0.02,0.08,0.06,0.01
5805,K. Boli,CB,Macarthur FC,0.05,0.0,0.0,0.0,0.03,0.01,0.0,0.0,0.0,0.0,0.0,0.0,0.0,0.0,0.0,0.0,0.0,0.0,0.0,0.0,0.0,0.0,0.0,0.0,0.0,0.0,0.0,0.0,0.0,0.0,0.25,0.0,0.0,-0.25,0.0,0.0,0.04,0.0,0.0,0.0,0.0,0.25,-0.25,0.02,0.02,0.01,0.04,0.0,0.0,0.0,0.0,0.0,0.0,0.0,0.0,0.03,0.0,0.0,0.0,0.0,0.0,0.0,0.2,30.0,0.0,0.0,0.18,11.0,0.21,19.0,0.36,11.0,0.0,8.0,0.18,11.0,0.18,22.0,0.0,0.0,0.0,0.0,0.38,8.0,0.18,17.0,0.0,0.0,0.0,4.0,0.0,0.0,0.0,0.0,0.0,0.0,0.0,1.0,98.75,1,0.05,0.0,0.0,0.0,0.03,0.01,0.0,0.0,0.0,0.0,0.0,0.0,0.0,0.0,0.0,0.0,0.0,0.0,0.0,0.0,0.0,0.0,0.0,0.0,0.0,0.0,0.0,0.0,0.0,0.0,0.23,0.0,0.0,-0.23,0.0,0.0,0.04,0.0,0.0,0.0,0.0,0.23,-0.23,0.02,0.02,0.01,0.04,0.0,0.0,0.0,0.0,0.0,0.0,0.0,0.0,0.03,0.0,0.0,0.0,0.0,0.0,0.0
6871,M. Jakoliš,CF,Macarthur FC,1.06,0.41,1.0,0.04,0.44,0.22,0.01,0.25,0.06,0.01,0.03,0.01,0.09,0.04,0.0,0.25,0.0,0.01,0.0,0.0,0.01,0.16,0.02,0.0,0.01,0.01,0.1,0.1,0.0,0.0,0.25,0.0,0.5,0.25,0.0,0.2,0.86,0.0,0.14,0.27,0.0,0.25,0.75,0.61,0.45,0.0,0.38,0.68,0.22,0.12,0.28,0.01,0.08,0.33,0.2,0.49,0.09,0.28,0.0,0.29,0.12,0.0,0.41,17.0,0.0,0.0,0.4,5.0,0.42,12.0,0.36,14.0,0.5,2.0,1.0,1.0,0.22,9.0,0.62,8.0,1.0,1.0,0.0,0.0,0.36,11.0,0.6,5.0,0.0,0.0,0.0,0.0,0.0,0.0,0.0,0.0,0.0,1.0,98.75,1,0.97,0.37,0.91,0.04,0.4,0.2,0.01,0.23,0.05,0.01,0.03,0.01,0.08,0.04,0.0,0.23,0.0,0.01,0.0,0.0,0.01,0.15,0.02,0.0,0.01,0.01,0.09,0.09,0.0,0.0,0.23,0.0,0.46,0.23,0.0,0.18,0.78,0.0,0.13,0.25,0.0,0.23,0.68,0.56,0.41,0.0,0.35,0.62,0.2,0.11,0.26,0.01,0.07,0.3,0.18,0.45,0.08,0.26,0.0,0.26,0.11,0.0
7698,M. Langerak,GK,Melbourne V FC,0.0,0.0,0.0,0.0,0.0,0.0,0.0,0.0,0.0,0.0,0.0,0.0,0.0,0.0,0.0,0.0,0.0,0.0,0.0,0.0,0.0,0.0,0.0,0.0,0.0,0.0,0.0,0.0,0.0,0.0,0.0,0.0,0.0,0.0,0.0,0.0,0.0,0.0,0.0,0.0,0.0,0.0,0.0,0.0,0.0,0.0,0.0,0.0,0.0,0.0,0.0,0.0,0.0,0.0,0.0,0.0,0.0,0.0,0.0,0.0,0.0,0.0,0.2,5.0,0.2,5.0,0.0,0.0,0.0,0.0,0.5,2.0,0.0,2.0,0.0,1.0,0.25,4.0,0.0,0.0,0.0,0.0,0.0,1.0,0.0,0.0,0.0,0.0,0.0,3.0,0.0,0.0,0.0,0.0,0.0,0.0,1.0,1.0,98.82,1,0.0,0.0,0.0,0.0,0.0,0.0,0.0,0.0,0.0,0.0,0.0,0.0,0.0,0.0,0.0,0.0,0.0,0.0,0.0,0.0,0.0,0.0,0.0,0.0,0.0,0.0,0.0,0.0,0.0,0.0,0.0,0.0,0.0,0.0,0.0,0.0,0.0,0.0,0.0,0.0,0.0,0.0,0.0,0.0,0.0,0.0,0.0,0.0,0.0,0.0,0.0,0.0,0.0,0.0,0.0,0.0,0.0,0.0,0.0,0.0,0.0,0.0
9520,S. Souprayen,LCB,Melbourne City,0.65,0.12,2.0,0.0,0.12,0.29,0.0,0.0,0.0,0.2,0.02,0.0,0.0,0.01,0.0,0.0,0.0,0.1,0.0,0.0,0.0,0.07,0.01,0.0,0.0,0.02,0.02,0.0,0.0,0.25,0.5,0.0,1.0,0.25,0.25,0.39,0.0,0.09,0.03,0.0,1.25,0.75,0.0,0.34,0.3,0.01,0.2,0.43,0.24,0.04,0.07,0.01,0.02,0.1,0.1,0.55,0.03,0.0,0.0,0.12,0.0,0.0,0.26,69.5,0.28,20.0,0.26,49.5,0.0,0.0,0.26,37.0,0.29,25.5,0.21,7.0,0.32,52.0,0.1,5.0,0.0,0.5,0.32,11.0,0.29,50.0,0.07,7.0,0.0,1.0,0.0,0.0,0.0,0.0,0.0,0.0,0.0,0.5,197.47,2,0.3,0.05,0.91,0.0,0.05,0.13,0.0,0.0,0.0,0.09,0.01,0.0,0.0,0.0,0.0,0.0,0.0,0.05,0.0,0.0,0.0,0.03,0.0,0.0,0.0,0.01,0.01,0.0,0.0,0.11,0.23,0.0,0.46,0.11,0.11,0.18,0.0,0.04,0.01,0.0,0.57,0.34,0.0,0.15,0.14,0.0,0.09,0.2,0.11,0.02,0.03,0.0,0.01,0.05,0.05,0.25,0.01,0.0,0.0,0.05,0.0,0.0
11117,Z. Machach,AM,Melbourne V FC,3.37,1.43,1.0,0.02,0.33,2.08,0.05,0.02,0.32,0.27,0.29,0.0,0.09,1.0,0.02,0.0,0.19,0.04,0.1,0.0,0.03,0.4,0.0,0.0,0.01,0.01,0.42,0.46,0.11,0.0,-0.25,0.0,1.0,0.25,0.48,2.58,0.31,0.14,1.27,0.03,0.25,0.75,0.0,1.22,1.56,0.59,0.48,2.88,1.16,0.38,0.84,0.21,0.08,1.35,0.63,2.2,0.41,0.21,0.21,0.63,0.51,0.28,0.23,32.5,0.36,7.0,0.17,20.5,0.3,5.0,0.26,15.5,0.21,7.0,0.2,10.0,0.28,9.0,0.22,22.5,1.0,1.5,0.0,1.0,0.18,5.5,0.22,18.0,1.0,0.5,0.33,1.5,0.17,3.0,0.0,0.5,0.4,2.5,183.18,2,1.66,0.7,0.49,0.01,0.16,1.02,0.02,0.01,0.16,0.13,0.14,0.0,0.04,0.49,0.01,0.0,0.09,0.02,0.05,0.0,0.01,0.2,0.0,0.0,0.0,0.0,0.21,0.23,0.05,0.0,-0.12,0.0,0.49,0.12,0.24,1.27,0.15,0.07,0.62,0.01,0.12,0.37,0.0,0.6,0.77,0.29,0.24,1.42,0.57,0.19,0.41,0.1,0.04,0.66,0.31,1.08,0.2,0.1,0.1,0.31,0.25,0.14
11885,D. Arzani,RW,Melbourne V FC,2.97,1.85,1.75,0.03,0.46,1.66,0.02,0.15,0.36,0.11,0.17,0.0,0.29,1.05,0.0,0.11,0.27,0.05,0.06,0.11,0.01,0.54,0.01,0.07,0.02,0.03,0.57,0.45,0.03,0.0,0.5,0.0,1.25,0.0,0.63,2.31,0.03,0.43,1.4,0.02,0.5,1.25,0.0,0.66,1.63,0.68,0.4,2.56,0.62,0.24,1.1,0.51,0.11,1.73,0.7,1.09,0.52,0.81,0.24,0.64,0.97,0.24,0.31,25.5,0.36,5.5,0.33,18.5,0.0,1.5,0.23,6.5,0.43,7.0,0.29,12.0,0.37,8.0,0.3,16.5,0.5,4.0,0.0,0.5,0.44,4.5,0.35,14.5,0.0,0.0,0.0,0.0,0.0,2.0,0.0,1.0,0.4,2.5,138.28,2,1.93,1.2,1.14,0.02,0.3,1.08,0.01,0.1,0.23,0.07,0.11,0.0,0.19,0.68,0.0,0.07,0.18,0.03,0.04,0.07,0.01,0.35,0.01,0.05,0.01,0.02,0.37,0.29,0.02,0.0,0.33,0.0,0.81,0.0,0.41,1.5,0.02,0.28,0.91,0.01,0.33,0.81,0.0,0.43,1.06,0.44,0.26,1.67,0.4,0.16,0.72,0.33,0.07,1.13,0.46,0.71,0.34,0.53,0.16,0.42,0.63,0.16
11891,A. Behich,LB,Melbourne City,1.07,0.3,2.0,0.02,0.2,0.77,0.0,0.01,0.01,0.02,0.03,0.0,0.04,0.25,0.0,0.0,0.0,0.0,0.0,0.01,0.0,0.0,0.01,0.02,0.0,0.0,0.14,0.04,0.08,0.0,0.75,0.0,1.0,0.25,0.48,0.6,0.0,0.08,0.22,0.0,1.25,0.75,0.0,0.94,0.12,0.01,0.31,0.75,0.16,0.3,0.0,0.0,0.04,0.24,0.11,0.6,0.13,0.1,0.01,0.27,0.03,0.0,0.27,53.0,0.38,22.5,0.2,30.5,0.0,0.0,0.28,35.5,0.27,13.0,0.22,4.5,0.27,28.0,0.32,15.5,0.38,4.0,0.14,3.5,0.27,26.5,0.26,17.0,0.33,1.5,0.0,0.0,0.0,0.0,0.8,2.5,0.0,1.5,197.47,2,0.49,0.14,0.91,0.01,0.09,0.35,0.0,0.0,0.0,0.01,0.01,0.0,0.02,0.11,0.0,0.0,0.0,0.0,0.0,0.0,0.0,0.0,0.0,0.01,0.0,0.0,0.06,0.02,0.04,0.0,0.34,0.0,0.46,0.11,0.22,0.27,0.0,0.04,0.1,0.0,0.57,0.34,0.0,0.43,0.05,0.0,0.14,0.34,0.07,0.14,0.0,0.0,0.02,0.11,0.05,0.27,0.06,0.05,0.0,0.12,0.01,0.0
11897,J. Risdon,RB,Perth Glory,0.26,0.11,4.5,0.0,0.06,0.15,0.0,0.0,0.03,0.0,0.02,0.0,0.03,0.06,0.0,0.0,0.02,0.0,0.0,0.0,0.0,0.0,0.0,0.06,0.0,0.0,0.03,0.01,0.0,0.0,3.25,0.0,0.75,0.5,0.01,0.25,0.0,0.0,0.11,0.0,1.75,2.75,0.0,0.0,0.03,0.23,0.1,0.15,0.0,0.0,0.0,0.11,0.03,0.08,0.06,0.13,0.06,0.0,0.03,0.06,0.0,0.03,0.28,29.0,0.25,4.0,0.28,25.0,0.0,0.0,0.67,3.0,0.1,10.0,0.31,16.0,0.25,20.0,0.5,6.0,0.5,2.0,0.0,3.0,0.23,13.0,0.29,7.0,0.0,1.0,0.0,0.0,1.0,1.0,0.0,0.0,0.5,4.0,102.13,1,0.23,0.1,3.97,0.0,0.05,0.13,0.0,0.0,0.03,0.0,0.02,0.0,0.03,0.05,0.0,0.0,0.02,0.0,0.0,0.0,0.0,0.0,0.0,0.05,0.0,0.0,0.03,0.01,0.0,0.0,2.86,0.0,0.66,0.44,0.01,0.22,0.0,0.0,0.1,0.0,1.54,2.42,0.0,0.0,0.03,0.2,0.09,0.13,0.0,0.0,0.0,0.1,0.03,0.07,0.05,0.11,0.05,0.0,0.03,0.05,0.0,0.03
14736,L. Verstraete,DM,Auckland FC,0.87,0.18,1.75,0.0,0.11,0.39,0.0,0.0,0.03,0.32,0.01,0.0,0.03,0.1,0.0,0.0,0.03,0.02,0.0,0.0,0.01,0.04,0.01,0.0,0.0,0.0,0.02,0.04,0.06,0.25,0.25,0.0,0.75,0.5,0.02,0.85,0.0,0.0,0.18,0.0,0.0,1.75,0.0,0.09,0.56,0.22,0.19,0.67,0.29,0.03,0.08,0.07,0.06,0.11,0.03,0.6,0.04,0.07,0.0,0.11,0.07,0.0,0.14,36.0,0.0,1.0,0.14,35.0,0.0,0.0,0.25,8.0,0.33,6.0,0.05,22.0,0.14,14.0,0.06,17.0,0.0,0.0,0.0,3.0,0.27,11.0,0.12,17.0,0.0,0.0,0.0,0.0,0.0,2.0,0.0,0.0,0.0,3.0,98.4,1,0.8,0.16,1.6,0.0,0.1,0.36,0.0,0.0,0.03,0.29,0.01,0.0,0.03,0.09,0.0,0.0,0.03,0.02,0.0,0.0,0.01,0.04,0.01,0.0,0.0,0.0,0.02,0.04,0.05,0.23,0.23,0.0,0.69,0.46,0.02,0.78,0.0,0.0,0.16,0.0,0.0,1.6,0.0,0.08,0.51,0.2,0.17,0.61,0.27,0.03,0.07,0.06,0.05,0.1,0.03,0.55,0.04,0.06,0.0,0.1,0.06,0.0
14736,L. Verstraete,RM,Auckland FC,1.34,0.24,18.0,0.01,0.25,0.59,0.0,0.03,0.08,0.19,0.19,0.0,0.07,0.1,0.0,0.0,0.02,0.0,0.04,0.07,0.05,0.0,0.0,0.0,0.0,0.0,0.04,0.08,0.0,0.0,5.25,0.25,9.0,3.5,0.21,0.62,0.51,0.06,0.04,0.14,6.25,7.75,4.0,0.29,0.54,0.51,0.45,0.87,0.32,0.0,0.1,0.14,0.1,0.14,0.07,0.95,0.17,0.03,0.0,0.14,0.1,0.0,0.21,25.0,0.5,3.33,0.16,10.33,0.18,11.33,0.25,6.67,0.25,5.33,0.18,13.0,0.22,16.33,0.18,5.67,0.0,0.67,0.25,1.33,0.18,11.0,0.18,5.67,1.0,0.33,0.0,0.33,0.43,2.33,0.0,0.0,0.18,3.67,218.93,3,0.55,0.1,7.4,0.0,0.1,0.24,0.0,0.01,0.03,0.08,0.08,0.0,0.03,0.04,0.0,0.0,0.01,0.0,0.02,0.03,0.02,0.0,0.0,0.0,0.0,0.0,0.02,0.03,0.0,0.0,2.16,0.1,3.7,1.44,0.09,0.25,0.21,0.02,0.02,0.06,2.57,3.19,1.64,0.12,0.22,0.21,0.18,0.36,0.13,0.0,0.04,0.06,0.04,0.06,0.03,0.39,0.07,0.01,0.0,0.06,0.04,0.0
18573,J. Lolley,RW,Sydney FC,2.4,0.95,1.25,0.05,0.28,1.82,0.0,0.1,0.06,0.04,0.04,0.03,0.1,0.66,0.0,0.09,0.06,0.0,0.02,0.23,0.0,0.13,0.0,0.0,0.0,0.0,0.49,0.1,0.0,0.0,0.0,0.0,1.25,0.0,1.12,1.28,0.0,0.54,0.41,0.0,1.25,0.0,0.0,0.05,1.15,1.2,0.28,2.11,1.32,0.02,0.42,0.51,0.05,0.9,0.5,1.58,0.53,0.2,0.02,0.57,0.31,0.05,0.52,23.0,0.36,14.0,0.78,9.0,0.0,0.0,0.0,1.0,0.5,12.0,0.6,10.0,0.0,8.0,0.8,15.0,0.8,5.0,1.0,1.0,0.2,5.0,0.57,14.0,0.0,0.0,0.0,0.0,0.5,2.0,0.0,0.0,1.0,1.0,96.0,1,2.25,0.89,1.17,0.05,0.26,1.71,0.0,0.09,0.06,0.04,0.04,0.03,0.09,0.62,0.0,0.08,0.06,0.0,0.02,0.22,0.0,0.12,0.0,0.0,0.0,0.0,0.46,0.09,0.0,0.0,0.0,0.0,1.17,0.0,1.05,1.2,0.0,0.51,0.38,0.0,1.17,0.0,0.0,0.05,1.08,1.12,0.26,1.98,1.24,0.02,0.39,0.48,0.05,0.84,0.47,1.48,0.5,0.19,0.02,0.53,0.29,0.05
23418,F. Gallegos,AM,Auckland FC,1.1,0.57,3.0,0.01,0.11,0.79,0.0,0.02,0.04,0.1,0.03,0.0,0.06,0.41,0.0,0.02,0.03,0.05,0.0,0.05,0.05,0.0,0.04,0.04,0.0,0.0,0.17,0.1,0.11,0.0,0.0,0.25,2.75,0.0,0.04,1.06,0.0,0.03,0.54,0.0,1.0,2.0,0.0,0.85,0.16,0.09,0.23,0.86,0.07,0.51,0.03,0.03,0.08,0.48,0.06,0.64,0.19,0.19,0.0,0.42,0.15,0.0,0.26,42.0,0.0,2.0,0.28,40.0,0.0,0.0,0.27,22.0,0.36,14.0,0.0,6.0,0.06,17.0,0.43,23.0,0.5,8.0,0.0,2.0,0.18,11.0,0.35,17.0,0.0,0.0,0.0,2.0,0.0,1.0,0.43,7.0,0.0,2.0,98.4,1,1.01,0.52,2.74,0.01,0.1,0.72,0.0,0.02,0.04,0.09,0.03,0.0,0.05,0.37,0.0,0.02,0.03,0.05,0.0,0.05,0.05,0.0,0.04,0.04,0.0,0.0,0.16,0.09,0.1,0.0,0.0,0.23,2.52,0.0,0.04,0.97,0.0,0.03,0.49,0.0,0.91,1.83,0.0,0.78,0.15,0.08,0.21,0.79,0.06,0.47,0.03,0.03,0.07,0.44,0.05,0.59,0.17,0.17,0.0,0.38,0.14,0.0
23418,F. Gallegos,LM,Auckland FC,1.99,0.94,9.25,0.01,0.35,1.16,0.01,0.05,0.2,0.08,0.11,0.0,0.18,0.57,0.0,0.0,0.15,0.02,0.0,0.03,0.02,0.08,0.03,0.15,0.0,0.0,0.25,0.34,0.04,0.0,0.75,0.25,5.25,3.0,1.22,0.59,0.17,0.67,0.18,0.08,1.5,7.0,0.75,1.32,0.38,0.29,0.65,1.29,0.15,0.68,0.16,0.1,0.22,0.69,0.25,1.04,0.4,0.31,0.07,0.56,0.35,0.02,0.22,28.0,0.17,14.33,0.32,10.67,0.22,3.0,0.23,13.33,0.4,6.67,0.08,8.0,0.2,13.67,0.34,10.0,0.2,1.67,0.0,1.0,0.29,9.33,0.19,10.33,1.0,0.33,0.5,0.67,0.28,2.33,0.0,0.33,0.09,3.67,229.72,3,0.78,0.37,3.62,0.0,0.14,0.45,0.0,0.02,0.08,0.03,0.04,0.0,0.07,0.22,0.0,0.0,0.06,0.01,0.0,0.01,0.01,0.03,0.01,0.06,0.0,0.0,0.1,0.13,0.02,0.0,0.29,0.1,2.06,1.18,0.48,0.23,0.07,0.26,0.07,0.03,0.59,2.74,0.29,0.52,0.15,0.11,0.25,0.51,0.06,0.27,0.06,0.04,0.09,0.27,0.1,0.41,0.16,0.12,0.03,0.22,0.14,0.01
23883,J. Donachie,RCB,Western United,0.31,0.18,2.75,0.01,0.03,0.18,0.0,0.01,0.0,0.08,0.0,0.0,0.0,0.17,0.0,0.0,0.0,0.0,0.0,0.0,0.0,0.0,0.0,0.0,0.0,0.0,0.17,0.0,0.0,0.0,0.75,0.0,-0.25,2.25,0.3,0.01,0.0,0.18,0.0,0.0,2.5,0.25,0.0,0.01,0.08,0.23,0.05,0.24,0.08,0.0,0.0,0.18,0.0,0.17,0.17,0.1,0.02,0.0,0.17,0.0,0.17,0.0,0.25,28.5,0.28,22.0,0.16,6.5,0.0,0.0,0.14,7.0,0.5,7.0,0.17,14.5,0.33,18.0,0.0,0.5,0.0,0.0,0.11,9.0,0.3,13.0,0.0,1.0,0.6,2.5,0.0,0.0,0.0,0.0,0.0,0.0,0.2,2.5,194.48,2,0.14,0.08,1.27,0.0,0.01,0.08,0.0,0.0,0.0,0.04,0.0,0.0,0.0,0.08,0.0,0.0,0.0,0.0,0.0,0.0,0.0,0.0,0.0,0.0,0.0,0.0,0.08,0.0,0.0,0.0,0.35,0.0,-0.12,1.04,0.14,0.0,0.0,0.08,0.0,0.0,1.16,0.12,0.0,0.0,0.04,0.11,0.02,0.11,0.04,0.0,0.0,0.08,0.0,0.08,0.08,0.05,0.01,0.0,0.08,0.0,0.08,0.0
23909,K. Barbarouses,CF,Wellington P FC,2.1,1.02,1.0,0.07,0.24,1.02,0.17,0.14,0.21,0.13,0.12,0.01,0.11,0.6,0.05,0.07,0.09,0.03,0.04,0.28,0.0,0.63,0.0,0.0,0.0,0.0,0.07,0.03,0.0,0.0,0.0,0.0,1.0,0.0,0.0,0.35,1.75,0.0,0.18,0.84,0.0,0.75,0.25,0.37,1.33,0.41,0.34,1.75,0.91,0.12,0.72,0.18,0.08,0.94,0.63,0.87,0.1,0.37,0.23,0.34,0.45,0.23,0.31,13.0,0.0,0.0,0.25,4.0,0.33,9.0,0.43,7.0,0.0,1.0,0.2,5.0,0.25,4.0,0.0,4.0,0.0,2.0,0.5,2.0,0.25,4.0,0.0,1.0,0.0,0.0,0.0,1.0,0.0,1.0,0.0,0.0,0.5,4.0,98.82,1,1.91,0.93,0.91,0.06,0.22,0.93,0.15,0.13,0.19,0.12,0.11,0.01,0.1,0.55,0.05,0.06,0.08,0.03,0.04,0.26,0.0,0.57,0.0,0.0,0.0,0.0,0.06,0.03,0.0,0.0,0.0,0.0,0.91,0.0,0.0,0.32,1.59,0.0,0.16,0.77,0.0,0.68,0.23,0.34,1.21,0.37,0.31,1.59,0.83,0.11,0.66,0.16,0.07,0.86,0.57,0.79,0.09,0.34,0.21,0.31,0.41,0.21
23909,K. Barbarouses,RF,Wellington P FC,2.17,0.92,0.25,0.03,0.34,0.89,0.08,0.19,0.33,0.13,0.17,0.01,0.19,0.26,0.05,0.1,0.3,0.0,0.0,0.28,0.01,0.42,0.0,0.0,0.0,0.0,0.18,0.02,0.0,0.0,0.0,0.0,0.0,0.25,0.0,0.68,1.49,0.0,0.26,0.66,0.0,-0.25,0.5,0.13,1.72,0.32,0.38,1.78,1.12,0.0,0.67,0.24,0.14,0.77,0.51,1.21,0.57,0.22,0.04,0.53,0.28,0.11,0.29,17.0,0.0,0.0,0.2,5.0,0.33,12.0,0.0,3.0,0.75,4.0,0.2,10.0,0.5,6.0,0.29,7.0,1.0,2.0,0.0,3.0,0.33,3.0,0.4,5.0,0.0,0.0,0.0,0.0,1.0,1.0,0.0,1.0,0.33,3.0,100.85,1,1.94,0.82,0.22,0.03,0.3,0.79,0.07,0.17,0.29,0.12,0.15,0.01,0.17,0.23,0.04,0.09,0.27,0.0,0.0,0.25,0.01,0.37,0.0,0.0,0.0,0.0,0.16,0.02,0.0,0.0,0.0,0.0,0.0,0.22,0.0,0.61,1.33,0.0,0.23,0.59,0.0,-0.22,0.45,0.12,1.53,0.29,0.34,1.59,1.0,0.0,0.6,0.21,0.12,0.69,0.46,1.08,0.51,0.2,0.04,0.47,0.25,0.1
23922,B. Garuccio,LB,Western United,0.69,0.39,8.0,0.02,0.15,0.39,0.0,0.09,0.0,0.01,0.03,0.0,0.08,0.23,0.0,0.07,0.0,0.0,0.0,0.0,0.01,0.04,0.01,0.12,0.0,0.0,0.04,0.17,0.0,0.0,4.75,0.0,2.5,0.75,0.59,0.1,0.0,0.35,0.03,0.0,7.75,0.25,0.0,0.59,0.09,0.01,0.2,0.47,0.05,0.35,0.04,0.0,0.05,0.33,0.11,0.27,0.05,0.15,0.17,0.11,0.14,0.13,0.24,34.5,0.24,27.0,0.27,7.5,0.0,0.0,0.21,24.5,0.44,8.0,0.0,2.0,0.23,19.5,0.27,11.0,0.38,4.0,0.12,4.0,0.28,14.5,0.23,8.5,0.5,2.0,0.5,2.0,0.0,0.5,0.0,0.5,0.0,2.0,194.48,2,0.32,0.18,3.7,0.01,0.07,0.18,0.0,0.04,0.0,0.0,0.01,0.0,0.04,0.11,0.0,0.03,0.0,0.0,0.0,0.0,0.0,0.02,0.0,0.06,0.0,0.0,0.02,0.08,0.0,0.0,2.2,0.0,1.16,0.35,0.27,0.05,0.0,0.16,0.01,0.0,3.59,0.12,0.0,0.27,0.04,0.0,0.09,0.22,0.02,0.16,0.02,0.0,0.02,0.15,0.05,0.12,0.02,0.07,0.08,0.05,0.06,0.06
23930,S. Roux,RWB,CC Mariners,0.23,0.1,1.75,0.01,0.12,0.08,0.01,0.0,0.0,0.0,0.01,0.0,0.06,0.03,0.01,0.0,0.0,0.0,0.0,0.03,0.0,0.0,0.0,0.01,0.0,0.01,0.04,0.02,0.0,0.0,1.0,0.0,0.75,0.0,0.0,0.07,0.16,0.0,0.02,0.08,0.0,0.75,1.0,0.0,0.01,0.22,0.1,0.12,0.0,0.0,0.0,0.1,0.04,0.06,0.0,0.15,0.02,0.0,0.0,0.07,0.02,0.0,0.44,32.0,0.0,0.0,0.5,20.0,0.33,12.0,0.0,0.0,0.83,6.0,0.35,26.0,0.56,16.0,0.44,9.0,1.0,2.0,0.25,4.0,0.54,13.0,0.38,8.0,1.0,1.0,0.0,0.0,1.0,1.0,0.0,0.0,0.2,5.0,98.72,1,0.21,0.09,1.6,0.01,0.11,0.07,0.01,0.0,0.0,0.0,0.01,0.0,0.05,0.03,0.01,0.0,0.0,0.0,0.0,0.03,0.0,0.0,0.0,0.01,0.0,0.01,0.04,0.02,0.0,0.0,0.91,0.0,0.68,0.0,0.0,0.06,0.15,0.0,0.02,0.07,0.0,0.68,0.91,0.0,0.01,0.2,0.09,0.11,0.0,0.0,0.0,0.09,0.04,0.05,0.0,0.14,0.02,0.0,0.0,0.06,0.02,0.0
25534,A. Ouahim,LW,Sydney FC,3.4,1.51,4.5,0.09,0.34,2.36,0.03,0.09,0.17,0.05,0.27,0.0,0.11,1.23,0.02,0.0,0.16,0.0,0.0,0.12,0.0,0.55,0.01,0.03,0.0,0.01,0.46,0.34,0.0,0.0,1.0,0.5,1.5,1.5,1.12,1.14,1.14,0.53,0.6,0.38,2.0,1.75,0.75,0.94,1.8,0.66,0.53,2.87,1.01,0.37,0.92,0.22,0.13,1.39,0.74,2.11,0.67,0.44,0.0,1.04,0.46,0.0,0.27,20.5,0.31,8.0,0.29,7.0,0.18,5.5,0.3,8.5,0.25,4.0,0.25,8.0,0.29,8.5,0.25,12.0,0.67,1.5,0.0,0.5,0.34,4.5,0.22,13.5,0.0,0.0,0.0,0.0,0.5,1.0,0.0,0.0,0.5,1.0,110.85,2,2.76,1.23,3.65,0.07,0.28,1.92,0.02,0.07,0.14,0.04,0.22,0.0,0.09,1.0,0.02,0.0,0.13,0.0,0.0,0.1,0.0,0.45,0.01,0.02,0.0,0.01,0.37,0.28,0.0,0.0,0.81,0.41,1.22,1.22,0.91,0.93,0.93,0.43,0.49,0.31,1.62,1.42,0.61,0.76,1.46,0.54,0.43,2.33,0.82,0.3,0.75,0.18,0.11,1.13,0.6,1.71,0.54,0.36,0.0,0.84,0.37,0.0
26766,B. Vriends,RCB,Adelaide United,0.1,0.01,3.0,0.0,0.02,0.06,0.0,0.0,0.0,0.01,0.0,0.0,0.0,0.0,0.0,0.0,0.0,0.01,0.0,0.0,0.01,0.0,0.0,0.0,0.0,0.0,0.0,0.0,0.0,0.0,1.0,0.0,0.0,2.0,0.0,0.05,0.05,0.0,0.01,0.0,0.0,1.25,1.75,0.0,0.04,0.05,0.05,0.04,0.03,0.0,0.0,0.01,0.0,0.01,0.0,0.07,0.0,0.0,0.0,0.01,0.0,0.0,0.16,31.0,0.0,0.0,0.0,7.0,0.21,24.0,0.5,2.0,0.2,5.0,0.12,24.0,0.13,15.0,0.0,2.0,0.0,0.0,0.13,15.0,0.3,10.0,0.0,4.0,0.0,1.0,0.0,0.0,0.0,0.0,0.0,0.0,0.0,1.0,96.0,1,0.09,0.01,2.81,0.0,0.02,0.06,0.0,0.0,0.0,0.01,0.0,0.0,0.0,0.0,0.0,0.0,0.0,0.01,0.0,0.0,0.01,0.0,0.0,0.0,0.0,0.0,0.0,0.0,0.0,0.0,0.94,0.0,0.0,1.88,0.0,0.05,0.05,0.0,0.01,0.0,0.0,1.17,1.64,0.0,0.04,0.05,0.05,0.04,0.03,0.0,0.0,0.01,0.0,0.01,0.0,0.07,0.0,0.0,0.0,0.01,0.0,0.0
26969,H. Ishige,LF,Wellington P FC,1.75,1.0,3.5,0.02,0.36,0.76,0.03,0.11,0.29,0.09,0.11,0.0,0.23,0.4,0.01,0.11,0.19,0.03,0.03,0.27,0.03,0.42,0.04,0.01,0.01,0.05,0.11,0.07,0.0,0.0,-0.5,0.0,3.75,0.25,0.0,0.53,1.23,0.0,0.28,0.72,0.0,2.25,1.25,0.68,0.97,0.09,0.35,1.39,0.43,0.48,0.47,0.05,0.09,0.91,0.51,0.75,0.52,0.18,0.08,0.46,0.38,0.0,0.35,31.0,0.0,0.0,0.47,15.0,0.25,16.0,0.27,15.0,0.45,11.0,0.4,5.0,0.25,8.0,0.44,16.0,0.5,2.0,0.5,2.0,0.22,9.0,0.33,9.0,1.0,1.0,0.0,0.0,0.5,2.0,0.0,1.0,0.6,5.0,100.85,1,1.56,0.89,3.12,0.02,0.32,0.68,0.03,0.1,0.26,0.08,0.1,0.0,0.21,0.36,0.01,0.1,0.17,0.03,0.03,0.24,0.03,0.37,0.04,0.01,0.01,0.04,0.1,0.06,0.0,0.0,-0.45,0.0,3.35,0.22,0.0,0.47,1.1,0.0,0.25,0.64,0.0,2.01,1.12,0.61,0.87,0.08,0.31,1.24,0.38,0.43,0.42,0.04,0.08,0.81,0.46,0.67,0.46,0.16,0.07,0.41,0.34,0.0
28293,Léo Sena,LDM,Sydney FC,0.33,0.04,5.5,0.01,0.09,0.21,0.0,0.0,0.0,0.01,0.01,0.0,0.02,0.02,0.0,0.0,0.0,0.0,0.0,0.0,0.01,0.0,0.0,0.0,0.0,0.0,0.0,0.03,0.0,0.0,4.25,0.25,0.75,0.25,0.19,0.14,0.0,0.02,0.02,0.0,2.25,3.25,0.0,0.14,0.06,0.13,0.17,0.15,0.0,0.02,0.0,0.02,0.02,0.01,0.0,0.27,0.03,0.0,0.0,0.04,0.0,0.0,0.25,80.0,0.24,42.0,0.26,38.0,0.0,0.0,0.21,24.0,0.42,12.0,0.23,44.0,0.32,37.0,0.21,33.0,0.5,2.0,0.21,14.0,0.31,29.0,0.23,30.0,0.0,2.0,0.0,1.0,1.0,1.0,0.0,1.0,0.0,2.0,96.0,1,0.31,0.04,5.16,0.01,0.08,0.2,0.0,0.0,0.0,0.01,0.01,0.0,0.02,0.02,0.0,0.0,0.0,0.0,0.0,0.0,0.01,0.0,0.0,0.0,0.0,0.0,0.0,0.03,0.0,0.0,3.98,0.23,0.7,0.23,0.18,0.13,0.0,0.02,0.02,0.0,2.11,3.05,0.0,0.13,0.06,0.12,0.16,0.14,0.0,0.02,0.0,0.02,0.02,0.01,0.0,0.25,0.03,0.0,0.0,0.04,0.0,0.0
29075,N. Vergos,CF,Melbourne V FC,6.69,2.92,1.0,0.03,0.76,3.27,0.06,0.28,1.36,0.52,0.39,0.0,0.38,1.13,0.02,0.0,1.3,0.0,0.09,0.68,0.01,1.76,0.0,0.0,0.0,0.01,0.44,0.03,0.0,0.0,0.25,0.0,0.75,0.0,2.4,4.18,0.11,0.95,1.93,0.06,0.25,0.75,0.0,1.01,5.21,0.47,0.65,6.03,4.07,0.46,2.33,0.14,0.2,2.73,2.02,3.7,1.11,0.94,0.11,1.59,1.23,0.06,0.26,7.5,0.4,2.5,0.2,5.0,0.0,0.0,0.25,4.0,0.5,1.0,0.2,2.5,0.29,3.5,0.25,4.0,0.0,0.0,0.0,0.0,0.16,3.0,0.25,4.0,1.0,0.5,0.0,0.0,0.0,0.0,0.0,0.0,0.0,0.0,153.35,2,3.93,1.71,0.59,0.02,0.45,1.92,0.04,0.16,0.8,0.31,0.23,0.0,0.22,0.66,0.01,0.0,0.76,0.0,0.05,0.4,0.01,1.03,0.0,0.0,0.0,0.01,0.26,0.02,0.0,0.0,0.15,0.0,0.44,0.0,1.41,2.45,0.06,0.56,1.13,0.04,0.15,0.44,0.0,0.59,3.06,0.28,0.38,3.54,2.39,0.27,1.37,0.08,0.12,1.6,1.19,2.17,0.65,0.55,0.06,0.93,0.72,0.04
29856,A. McCalmont,RM,CC Mariners,0.4,0.2,2.75,0.01,0.13,0.15,0.0,0.05,0.0,0.03,0.04,0.0,0.07,0.07,0.0,0.05,0.0,0.0,0.01,0.0,0.0,0.0,0.0,0.01,0.02,0.0,0.08,0.08,0.0,0.0,1.25,0.0,1.0,0.5,0.0,0.12,0.28,0.0,0.06,0.14,0.0,2.25,0.5,0.01,0.11,0.28,0.16,0.22,0.0,0.0,0.04,0.15,0.08,0.11,0.0,0.21,0.12,0.03,0.0,0.18,0.01,0.0,0.25,20.0,0.0,0.0,0.1,10.0,0.4,10.0,0.0,2.0,0.2,5.0,0.31,13.0,0.25,8.0,0.6,5.0,0.5,2.0,0.33,3.0,0.0,9.0,0.6,5.0,0.0,0.0,0.0,0.0,0.0,1.0,1.0,1.0,0.0,1.0,98.72,1,0.36,0.18,2.51,0.01,0.12,0.14,0.0,0.05,0.0,0.03,0.04,0.0,0.06,0.06,0.0,0.05,0.0,0.0,0.01,0.0,0.0,0.0,0.0,0.01,0.02,0.0,0.07,0.07,0.0,0.0,1.14,0.0,0.91,0.46,0.0,0.11,0.26,0.0,0.05,0.13,0.0,2.05,0.46,0.01,0.1,0.26,0.15,0.2,0.0,0.0,0.04,0.14,0.07,0.1,0.0,0.19,0.11,0.03,0.0,0.16,0.01,0.0
33697,N. Pijnaker,LCB,Auckland FC,0.53,0.03,6.25,0.0,0.08,0.2,0.0,0.0,0.0,0.22,0.01,0.0,0.0,0.0,0.0,0.0,0.0,0.01,0.0,0.0,0.0,0.0,0.02,0.0,0.0,0.0,0.0,0.01,0.0,0.0,3.0,0.0,1.5,1.75,0.07,0.4,0.05,0.01,0.02,0.0,1.75,2.25,2.25,0.16,0.37,0.01,0.2,0.32,0.25,0.01,0.01,0.0,0.01,0.01,0.0,0.42,0.02,0.0,0.0,0.03,0.0,0.0,0.24,35.0,0.33,3.75,0.18,22.25,0.33,9.0,0.23,21.25,0.21,7.25,0.27,6.5,0.31,22.75,0.09,5.5,0.0,0.0,0.27,5.5,0.16,16.75,0.06,4.25,0.61,3.25,0.0,0.0,0.5,0.5,0.0,0.75,0.43,3.5,380.17,4,0.13,0.01,1.48,0.0,0.02,0.05,0.0,0.0,0.0,0.05,0.0,0.0,0.0,0.0,0.0,0.0,0.0,0.0,0.0,0.0,0.0,0.0,0.0,0.0,0.0,0.0,0.0,0.0,0.0,0.0,0.71,0.0,0.36,0.41,0.02,0.09,0.01,0.0,0.0,0.0,0.41,0.53,0.53,0.04,0.09,0.0,0.05,0.08,0.06,0.0,0.0,0.0,0.0,0.0,0.0,0.1,0.0,0.0,0.0,0.01,0.0,0.0
34423,Mikael Doka,LW,CC Mariners,0.4,0.16,4.0,0.02,0.18,0.11,0.0,0.01,0.0,0.03,0.04,0.0,0.1,0.03,0.0,0.0,0.0,0.0,0.02,0.02,0.0,0.0,0.0,0.04,0.0,0.01,0.08,0.01,0.0,0.0,0.5,0.0,1.25,2.25,0.0,0.09,0.31,0.0,0.03,0.13,0.0,3.25,0.75,0.25,0.13,0.02,0.21,0.19,0.07,0.13,0.01,0.02,0.09,0.07,0.0,0.23,0.03,0.07,0.02,0.05,0.09,0.02,0.07,15.0,0.0,0.0,0.33,3.0,0.0,12.0,0.2,5.0,0.0,4.0,0.0,6.0,0.0,10.0,0.0,2.0,0.0,0.0,0.2,5.0,0.0,9.0,0.0,1.0,0.0,0.0,0.0,0.0,0.0,0.0,0.0,0.0,0.0,0.0,98.72,1,0.36,0.15,3.65,0.02,0.16,0.1,0.0,0.01,0.0,0.03,0.04,0.0,0.09,0.03,0.0,0.0,0.0,0.0,0.02,0.02,0.0,0.0,0.0,0.04,0.0,0.01,0.07,0.01,0.0,0.0,0.46,0.0,1.14,2.05,0.0,0.08,0.28,0.0,0.03,0.12,0.0,2.96,0.68,0.23,0.12,0.02,0.19,0.17,0.06,0.12,0.01,0.02,0.08,0.06,0.0,0.21,0.03,0.06,0.02,0.05,0.08,0.02
34718,J. Oluwayemi,GK,Wellington P FC,0.0,0.0,0.0,0.0,0.0,0.0,0.0,0.0,0.0,0.0,0.0,0.0,0.0,0.0,0.0,0.0,0.0,0.0,0.0,0.0,0.0,0.0,0.0,0.0,0.0,0.0,0.0,0.0,0.0,0.0,0.0,0.0,0.0,0.0,0.0,0.0,0.0,0.0,0.0,0.0,0.0,0.0,0.0,0.0,0.0,0.0,0.0,0.0,0.0,0.0,0.0,0.0,0.0,0.0,0.0,0.0,0.0,0.0,0.0,0.0,0.0,0.0,0.33,7.5,0.0,0.0,0.0,2.0,0.45,5.5,0.0,1.0,0.4,2.5,0.37,4.0,0.2,2.5,0.0,0.0,0.0,0.0,0.42,6.0,0.0,0.0,0.0,0.0,0.0,1.5,0.0,0.0,0.0,0.0,0.0,0.0,0.0,0.0,199.67,2,0.0,0.0,0.0,0.0,0.0,0.0,0.0,0.0,0.0,0.0,0.0,0.0,0.0,0.0,0.0,0.0,0.0,0.0,0.0,0.0,0.0,0.0,0.0,0.0,0.0,0.0,0.0,0.0,0.0,0.0,0.0,0.0,0.0,0.0,0.0,0.0,0.0,0.0,0.0,0.0,0.0,0.0,0.0,0.0,0.0,0.0,0.0,0.0,0.0,0.0,0.0,0.0,0.0,0.0,0.0,0.0,0.0,0.0,0.0,0.0,0.0,0.0
38673,G. May,CF,Auckland FC,10.48,5.27,6.25,0.06,1.37,5.58,0.21,0.36,1.14,0.85,0.85,0.01,0.61,2.92,0.13,0.24,0.93,0.25,0.16,0.47,0.08,3.39,0.0,0.06,0.01,0.01,0.99,0.14,0.09,0.0,0.25,0.25,3.0,2.75,2.23,5.92,2.33,0.87,3.24,1.14,2.5,3.75,0.0,1.81,7.32,1.36,1.53,8.9,5.58,0.81,4.04,0.42,0.36,4.89,3.41,5.18,2.35,1.45,0.39,3.77,1.13,0.36,0.26,19.5,0.22,7.0,0.24,8.25,0.35,4.25,0.23,7.75,0.38,5.25,0.19,6.5,0.24,10.25,0.27,7.25,0.43,1.75,0.5,0.5,0.26,6.75,0.35,5.0,0.0,0.0,0.0,1.0,0.14,1.75,0.33,0.75,0.23,3.25,384.75,4,2.45,1.23,1.46,0.01,0.32,1.31,0.05,0.08,0.27,0.2,0.2,0.0,0.14,0.68,0.03,0.06,0.22,0.06,0.04,0.11,0.02,0.79,0.0,0.01,0.0,0.0,0.23,0.03,0.02,0.0,0.06,0.06,0.7,0.64,0.52,1.38,0.55,0.2,0.76,0.27,0.58,0.88,0.0,0.42,1.71,0.32,0.36,2.08,1.31,0.19,0.95,0.1,0.08,1.14,0.8,1.21,0.55,0.34,0.09,0.88,0.26,0.08
42510,S. Wootton,LCB,Wellington P FC,0.36,0.0,6.5,0.0,0.03,0.08,0.0,0.0,0.04,0.21,0.0,0.0,0.0,0.0,0.0,0.0,0.0,0.0,0.0,0.0,0.0,0.0,0.0,0.0,0.0,0.0,0.0,0.0,0.0,0.0,3.5,0.0,1.5,1.5,0.0,0.04,0.33,0.0,0.0,0.0,0.0,3.0,3.5,0.07,0.29,0.0,0.06,0.29,0.2,0.0,0.0,0.0,0.0,0.0,0.0,0.2,0.0,0.0,0.0,0.0,0.0,0.0,0.22,29.0,0.0,0.0,0.34,6.0,0.2,23.0,0.16,12.5,0.31,8.0,0.23,8.5,0.29,17.0,0.5,3.0,0.0,0.0,0.15,10.0,0.19,13.0,0.5,2.0,0.38,4.0,0.0,0.0,0.0,0.0,0.0,0.0,0.0,0.0,199.67,2,0.16,0.0,2.93,0.0,0.01,0.04,0.0,0.0,0.02,0.09,0.0,0.0,0.0,0.0,0.0,0.0,0.0,0.0,0.0,0.0,0.0,0.0,0.0,0.0,0.0,0.0,0.0,0.0,0.0,0.0,1.58,0.0,0.68,0.68,0.0,0.02,0.15,0.0,0.0,0.0,0.0,1.35,1.58,0.03,0.13,0.0,0.03,0.13,0.09,0.0,0.0,0.0,0.0,0.0,0.0,0.09,0.0,0.0,0.0,0.0,0.0,0.0
50951,J. Brimmer,CF,Auckland FC,3.03,1.52,1.75,0.02,0.45,1.49,0.02,0.25,0.21,0.4,0.18,0.0,0.21,0.66,0.01,0.15,0.19,0.25,0.05,0.2,0.01,0.64,0.05,0.07,0.04,0.03,0.3,0.18,0.0,-0.5,0.75,0.0,1.5,0.0,0.71,2.32,0.0,0.37,1.15,0.0,1.5,0.25,0.0,1.34,1.31,0.37,0.45,2.57,1.12,0.57,0.85,0.1,0.08,1.44,0.83,1.82,0.71,0.26,0.09,1.13,0.35,0.03,0.34,30.5,0.25,8.0,0.38,22.5,0.0,0.0,0.32,17.0,0.44,8.0,0.28,5.5,0.21,11.5,0.42,18.0,0.67,1.5,0.0,0.0,0.21,7.0,0.44,17.0,0.0,0.0,0.0,0.0,0.0,0.0,0.25,4.0,0.2,2.5,151.01,2,1.81,0.91,1.04,0.01,0.27,0.89,0.01,0.15,0.13,0.24,0.11,0.0,0.13,0.39,0.01,0.09,0.11,0.15,0.03,0.12,0.01,0.38,0.03,0.04,0.02,0.02,0.18,0.11,0.0,-0.3,0.45,0.0,0.89,0.0,0.42,1.38,0.0,0.22,0.69,0.0,0.89,0.15,0.0,0.8,0.78,0.22,0.27,1.53,0.67,0.34,0.51,0.06,0.05,0.86,0.49,1.08,0.42,0.15,0.05,0.67,0.21,0.02
50955,N. Velupillay,LW,Melbourne V FC,3.74,1.6,2.25,0.03,0.52,2.02,0.04,0.35,0.43,0.12,0.22,0.0,0.21,0.79,0.0,0.19,0.31,0.02,0.07,0.14,0.06,0.25,0.0,0.05,0.0,0.0,0.61,0.46,0.01,0.25,0.5,0.25,0.75,0.5,1.27,1.98,0.49,0.59,0.83,0.18,0.75,1.5,0.0,2.02,1.34,0.38,0.65,3.07,1.14,0.97,0.45,0.18,0.11,1.47,0.66,2.14,0.79,0.45,0.08,1.04,0.48,0.06,0.26,23.0,0.12,4.0,0.25,15.5,0.43,3.5,0.17,12.0,0.57,7.0,0.0,4.0,0.42,8.5,0.21,12.0,1.0,2.0,0.0,0.5,0.33,7.5,0.33,9.0,0.0,0.0,0.0,0.5,0.14,3.5,0.0,0.5,0.0,1.5,183.18,2,1.84,0.79,1.11,0.01,0.26,0.99,0.02,0.17,0.21,0.06,0.11,0.0,0.1,0.39,0.0,0.09,0.15,0.01,0.03,0.07,0.03,0.12,0.0,0.02,0.0,0.0,0.3,0.23,0.0,0.12,0.25,0.12,0.37,0.25,0.62,0.97,0.24,0.29,0.41,0.09,0.37,0.74,0.0,0.99,0.66,0.19,0.32,1.51,0.56,0.48,0.22,0.09,0.05,0.72,0.32,1.05,0.39,0.22,0.04,0.51,0.24,0.03
50977,J. Rawlins,RB,Melbourne V FC,0.72,0.28,0.75,0.0,0.11,0.55,0.0,0.0,0.02,0.0,0.04,0.0,0.06,0.22,0.0,0.0,0.0,0.0,0.0,0.0,0.0,0.06,0.01,0.08,0.0,0.03,0.08,0.03,0.0,0.0,0.75,0.0,0.0,0.0,0.41,0.31,0.0,0.12,0.16,0.0,0.0,0.75,0.0,0.0,0.07,0.64,0.12,0.59,0.1,0.0,0.0,0.28,0.03,0.25,0.09,0.43,0.11,0.04,0.03,0.2,0.05,0.03,0.22,27.0,0.26,19.0,0.12,8.0,0.0,0.0,0.0,0.0,0.25,4.0,0.22,23.0,0.2,10.0,0.29,14.0,0.33,3.0,0.0,1.0,0.25,12.0,0.18,11.0,0.0,0.0,0.0,0.0,0.0,0.0,0.0,0.0,0.33,3.0,98.82,1,0.66,0.26,0.68,0.0,0.1,0.5,0.0,0.0,0.02,0.0,0.04,0.0,0.05,0.2,0.0,0.0,0.0,0.0,0.0,0.0,0.0,0.05,0.01,0.07,0.0,0.03,0.07,0.03,0.0,0.0,0.68,0.0,0.0,0.0,0.37,0.28,0.0,0.11,0.15,0.0,0.0,0.68,0.0,0.0,0.06,0.58,0.11,0.54,0.09,0.0,0.0,0.26,0.03,0.23,0.08,0.39,0.1,0.04,0.03,0.18,0.05,0.03
50983,D. Ingham,RB,Newcastle,0.48,0.13,3.0,0.0,0.12,0.22,0.0,0.0,0.0,0.12,0.01,0.0,0.05,0.08,0.0,0.0,0.0,0.0,0.0,0.0,0.0,0.03,0.0,0.0,0.0,0.01,0.05,0.01,0.02,0.0,1.0,0.0,-0.25,2.25,0.0,0.39,0.08,0.0,0.12,0.01,0.0,3.0,0.0,0.0,0.22,0.25,0.12,0.35,0.2,0.0,0.03,0.09,0.05,0.08,0.03,0.37,0.06,0.02,0.01,0.08,0.05,0.0,0.36,39.0,0.0,0.0,0.34,32.0,0.43,7.0,0.0,0.0,0.29,7.0,0.38,32.0,0.35,23.0,0.5,8.0,0.0,1.0,0.67,3.0,0.24,25.0,0.67,9.0,0.0,0.0,0.0,0.0,0.0,0.0,0.0,0.0,0.0,2.0,98.4,1,0.44,0.12,2.74,0.0,0.11,0.2,0.0,0.0,0.0,0.11,0.01,0.0,0.05,0.07,0.0,0.0,0.0,0.0,0.0,0.0,0.0,0.03,0.0,0.0,0.0,0.01,0.05,0.01,0.02,0.0,0.91,0.0,-0.23,2.06,0.0,0.36,0.07,0.0,0.11,0.01,0.0,2.74,0.0,0.0,0.2,0.23,0.11,0.32,0.18,0.0,0.03,0.08,0.05,0.07,0.03,0.34,0.05,0.02,0.01,0.07,0.05,0.0
50992,K. Trewin,LM,Melbourne City,0.92,0.05,2.75,0.01,0.17,0.37,0.0,0.02,0.0,0.31,0.03,0.01,0.02,0.01,0.0,0.0,0.0,0.0,0.0,0.0,0.02,0.0,0.0,0.0,0.0,0.0,0.0,0.02,0.0,0.0,1.25,0.0,0.75,0.75,0.47,0.44,0.0,0.03,0.02,0.0,2.25,0.5,0.0,0.41,0.34,0.17,0.34,0.57,0.12,0.02,0.02,0.01,0.03,0.01,0.0,0.69,0.03,0.16,0.0,0.04,0.0,0.0,0.26,66.0,0.29,48.0,0.17,18.0,0.0,0.0,0.17,29.0,0.47,15.0,0.23,22.0,0.27,37.0,0.31,16.0,1.0,1.0,0.2,10.0,0.22,27.0,0.22,18.0,1.0,2.0,0.0,1.0,0.0,0.0,0.25,4.0,0.5,4.0,98.75,1,0.84,0.05,2.51,0.01,0.15,0.34,0.0,0.02,0.0,0.28,0.03,0.01,0.02,0.01,0.0,0.0,0.0,0.0,0.0,0.0,0.02,0.0,0.0,0.0,0.0,0.0,0.0,0.02,0.0,0.0,1.14,0.0,0.68,0.68,0.43,0.4,0.0,0.03,0.02,0.0,2.05,0.46,0.0,0.37,0.31,0.15,0.31,0.52,0.11,0.02,0.02,0.01,0.03,0.01,0.0,0.63,0.03,0.15,0.0,0.04,0.0,0.0
50992,K. Trewin,RCB,Melbourne City,0.27,0.05,1.0,0.0,0.08,0.16,0.0,0.0,0.0,0.02,0.0,0.0,0.01,0.02,0.0,0.0,0.0,0.02,0.0,0.0,0.02,0.0,0.03,0.0,0.0,0.0,0.0,0.0,0.0,0.0,0.25,0.0,0.5,0.25,0.03,0.23,0.0,0.01,0.04,0.0,0.75,0.25,0.0,0.1,0.07,0.1,0.14,0.12,0.0,0.01,0.01,0.02,0.02,0.02,0.0,0.17,0.03,0.0,0.0,0.05,0.0,0.0,0.35,75.0,0.53,17.0,0.29,58.0,0.0,0.0,0.4,15.0,0.3,23.0,0.35,37.0,0.31,49.0,0.42,12.0,0.0,0.0,0.38,8.0,0.31,52.0,0.5,12.0,0.5,2.0,0.0,0.0,0.0,0.0,0.0,1.0,0.0,0.0,98.72,1,0.25,0.05,0.91,0.0,0.07,0.15,0.0,0.0,0.0,0.02,0.0,0.0,0.01,0.02,0.0,0.0,0.0,0.02,0.0,0.0,0.02,0.0,0.03,0.0,0.0,0.0,0.0,0.0,0.0,0.0,0.23,0.0,0.46,0.23,0.03,0.21,0.0,0.01,0.04,0.0,0.68,0.23,0.0,0.09,0.06,0.09,0.13,0.11,0.0,0.01,0.01,0.02,0.02,0.02,0.0,0.15,0.03,0.0,0.0,0.05,0.0,0.0
50999,M. Freke,GK,Brisbane FC,0.0,0.0,0.0,0.0,0.0,0.0,0.0,0.0,0.0,0.0,0.0,0.0,0.0,0.0,0.0,0.0,0.0,0.0,0.0,0.0,0.0,0.0,0.0,0.0,0.0,0.0,0.0,0.0,0.0,0.0,0.0,0.0,0.0,0.0,0.0,0.0,0.0,0.0,0.0,0.0,0.0,0.0,0.0,0.0,0.0,0.0,0.0,0.0,0.0,0.0,0.0,0.0,0.0,0.0,0.0,0.0,0.0,0.0,0.0,0.0,0.0,0.0,0.29,17.0,0.0,0.0,0.36,14.0,0.0,3.0,0.25,4.0,0.6,5.0,0.12,8.0,0.23,13.0,0.0,0.0,0.0,0.0,0.14,7.0,0.6,5.0,0.0,0.0,0.2,5.0,0.0,0.0,0.0,0.0,0.0,0.0,0.0,0.0,102.13,1,0.0,0.0,0.0,0.0,0.0,0.0,0.0,0.0,0.0,0.0,0.0,0.0,0.0,0.0,0.0,0.0,0.0,0.0,0.0,0.0,0.0,0.0,0.0,0.0,0.0,0.0,0.0,0.0,0.0,0.0,0.0,0.0,0.0,0.0,0.0,0.0,0.0,0.0,0.0,0.0,0.0,0.0,0.0,0.0,0.0,0.0,0.0,0.0,0.0,0.0,0.0,0.0,0.0,0.0,0.0,0.0,0.0,0.0,0.0,0.0,0.0,0.0
51000,J. Courtney-Perkins,LB,Sydney FC,1.43,0.67,-0.5,0.01,0.07,1.06,0.0,0.02,0.14,0.11,0.01,0.0,0.04,0.54,0.0,0.02,0.04,0.02,0.0,0.0,0.0,0.25,0.0,0.09,0.0,0.0,0.14,0.15,0.03,0.0,1.25,0.0,0.0,-1.75,0.68,0.75,0.0,0.26,0.41,0.0,-0.5,0.0,0.0,1.0,0.43,0.0,0.12,1.3,0.36,0.5,0.17,0.0,0.05,0.62,0.17,0.8,0.21,0.26,0.06,0.38,0.2,0.0,0.2,30.0,0.13,15.0,0.27,15.0,0.0,0.0,0.14,21.0,0.38,8.0,0.0,1.0,0.27,15.0,0.18,11.0,0.5,2.0,0.0,2.0,0.15,13.0,0.08,12.0,1.0,2.0,0.0,0.0,0.0,0.0,1.0,1.0,0.0,0.0,96.0,1,1.34,0.63,-0.47,0.01,0.07,0.99,0.0,0.02,0.13,0.1,0.01,0.0,0.04,0.51,0.0,0.02,0.04,0.02,0.0,0.0,0.0,0.23,0.0,0.08,0.0,0.0,0.13,0.14,0.03,0.0,1.17,0.0,0.0,-1.64,0.64,0.7,0.0,0.24,0.38,0.0,-0.47,0.0,0.0,0.94,0.4,0.0,0.11,1.22,0.34,0.47,0.16,0.0,0.05,0.58,0.16,0.75,0.2,0.24,0.06,0.36,0.19,0.0
51000,J. Courtney-Perkins,LCB,Sydney FC,1.18,0.64,2.25,0.01,0.07,0.5,0.0,0.0,0.0,0.5,0.1,0.0,0.0,0.14,0.0,0.0,0.0,0.46,0.03,0.0,0.0,0.53,0.01,0.0,0.0,0.0,0.04,0.06,0.0,0.0,0.5,0.0,0.25,1.5,0.0,0.0,1.17,0.0,0.0,0.64,0.0,0.0,2.25,0.29,0.89,0.0,0.15,1.01,0.86,0.11,0.53,0.0,0.05,0.58,0.53,0.47,0.56,0.0,0.0,0.62,0.01,0.0,0.24,37.0,0.0,0.0,0.0,3.0,0.26,34.0,0.21,29.0,0.33,6.0,0.5,2.0,0.25,20.0,0.33,3.0,0.0,0.0,0.18,11.0,0.27,15.0,0.0,7.0,0.5,2.0,0.0,0.0,1.0,1.0,0.0,0.0,1.0,1.0,94.65,1,1.12,0.61,2.14,0.01,0.07,0.48,0.0,0.0,0.0,0.48,0.1,0.0,0.0,0.13,0.0,0.0,0.0,0.44,0.03,0.0,0.0,0.5,0.01,0.0,0.0,0.0,0.04,0.06,0.0,0.0,0.48,0.0,0.24,1.43,0.0,0.0,1.11,0.0,0.0,0.61,0.0,0.0,2.14,0.28,0.85,0.0,0.14,0.96,0.82,0.1,0.5,0.0,0.05,0.55,0.5,0.45,0.53,0.0,0.0,0.59,0.01,0.0
51002,J. O'Shea,LDM,Brisbane FC,1.39,0.48,3.5,0.01,0.13,0.83,0.0,0.34,0.0,0.08,0.01,0.0,0.05,0.17,0.0,0.25,0.0,0.02,0.0,0.0,0.06,0.0,0.0,0.0,0.01,0.0,0.12,0.28,0.02,0.0,0.75,0.0,1.5,1.25,0.0,0.76,0.63,0.0,0.32,0.16,0.0,3.25,0.25,0.29,0.53,0.56,0.21,1.18,0.19,0.03,0.28,0.17,0.05,0.43,0.18,1.02,0.18,0.08,0.0,0.37,0.11,0.0,0.33,70.0,0.0,0.0,0.31,49.0,0.38,21.0,0.17,18.0,0.43,23.0,0.34,29.0,0.35,40.0,0.35,26.0,0.0,3.0,0.25,4.0,0.44,25.0,0.18,33.0,0.0,0.0,0.33,3.0,0.0,0.0,0.0,0.0,0.8,5.0,102.13,1,1.22,0.42,3.08,0.01,0.11,0.73,0.0,0.3,0.0,0.07,0.01,0.0,0.04,0.15,0.0,0.22,0.0,0.02,0.0,0.0,0.05,0.0,0.0,0.0,0.01,0.0,0.11,0.25,0.02,0.0,0.66,0.0,1.32,1.1,0.0,0.67,0.56,0.0,0.28,0.14,0.0,2.86,0.22,0.26,0.47,0.49,0.19,1.04,0.17,0.03,0.25,0.15,0.04,0.38,0.16,0.9,0.16,0.07,0.0,0.33,0.1,0.0
51005,D. Pierias,RB,Adelaide United,1.6,0.93,1.75,0.01,0.32,0.86,0.0,0.04,0.34,0.02,0.01,0.0,0.24,0.34,0.0,0.0,0.34,0.0,0.0,0.06,0.0,0.11,0.0,0.06,0.0,0.01,0.14,0.45,0.1,0.0,1.0,0.0,0.0,0.75,0.0,0.22,1.39,0.0,0.09,0.83,0.0,1.0,0.75,0.0,0.79,0.82,0.21,1.39,0.41,0.0,0.55,0.38,0.08,0.84,0.25,0.89,0.06,0.21,0.27,0.39,0.26,0.27,0.22,32.0,0.0,0.0,0.38,13.0,0.11,19.0,0.33,3.0,0.33,6.0,0.17,23.0,0.0,7.0,0.36,14.0,0.5,6.0,0.17,6.0,0.0,9.0,0.33,12.0,0.0,0.0,0.0,1.0,0.0,0.0,1.0,1.0,0.0,2.0,96.0,1,1.5,0.87,1.64,0.01,0.3,0.81,0.0,0.04,0.32,0.02,0.01,0.0,0.22,0.32,0.0,0.0,0.32,0.0,0.0,0.06,0.0,0.1,0.0,0.06,0.0,0.01,0.13,0.42,0.09,0.0,0.94,0.0,0.0,0.7,0.0,0.21,1.3,0.0,0.08,0.78,0.0,0.94,0.7,0.0,0.74,0.77,0.2,1.3,0.38,0.0,0.52,0.36,0.08,0.79,0.23,0.83,0.06,0.2,0.25,0.37,0.24,0.25
51006,T. Uskok,RCB,Macarthur FC,0.14,0.0,2.5,0.0,0.05,0.08,0.0,0.0,0.0,0.0,0.0,0.0,0.0,0.0,0.0,0.0,0.0,0.0,0.0,0.0,0.0,0.0,0.0,0.0,0.0,0.0,0.0,0.0,0.0,0.0,1.5,0.0,0.25,0.75,0.0,0.01,0.13,0.0,0.0,0.0,0.0,1.25,1.25,0.0,0.07,0.07,0.07,0.06,0.0,0.0,0.0,0.0,0.0,0.0,0.0,0.08,0.0,0.0,0.0,0.0,0.0,0.0,0.2,40.0,0.0,0.0,0.27,11.0,0.17,29.0,0.2,5.0,0.27,11.0,0.17,24.0,0.13,23.0,0.0,1.0,0.0,0.0,0.29,14.0,0.17,23.0,0.0,1.0,0.0,0.0,0.0,0.0,0.0,0.0,0.0,0.0,0.0,2.0,98.75,1,0.13,0.0,2.28,0.0,0.05,0.07,0.0,0.0,0.0,0.0,0.0,0.0,0.0,0.0,0.0,0.0,0.0,0.0,0.0,0.0,0.0,0.0,0.0,0.0,0.0,0.0,0.0,0.0,0.0,0.0,1.37,0.0,0.23,0.68,0.0,0.01,0.12,0.0,0.0,0.0,0.0,1.14,1.14,0.0,0.06,0.06,0.06,0.05,0.0,0.0,0.0,0.0,0.0,0.0,0.0,0.07,0.0,0.0,0.0,0.0,0.0,0.0
51008,T. Imai,RB,Western United,0.4,0.23,4.25,0.01,0.11,0.13,0.0,0.05,0.03,0.01,0.03,0.0,0.05,0.08,0.0,0.05,0.03,0.01,0.0,0.0,0.0,0.0,0.01,0.0,0.0,0.01,0.04,0.11,0.05,0.0,2.0,0.0,1.75,0.5,0.29,0.1,0.0,0.17,0.07,0.0,3.25,1.0,0.0,0.0,0.06,0.33,0.16,0.22,0.05,0.0,0.0,0.22,0.07,0.16,0.05,0.13,0.04,0.12,0.03,0.06,0.12,0.03,0.32,19.0,0.32,17.0,0.25,2.0,0.0,0.0,0.14,3.5,0.28,3.5,0.38,12.0,0.31,8.0,0.36,5.5,0.0,0.0,0.4,2.5,0.23,8.5,0.0,3.0,1.0,1.0,1.0,1.0,0.0,0.0,0.0,0.0,0.33,1.5,175.76,2,0.2,0.12,2.18,0.01,0.06,0.07,0.0,0.03,0.02,0.01,0.02,0.0,0.03,0.04,0.0,0.03,0.02,0.01,0.0,0.0,0.0,0.0,0.01,0.0,0.0,0.01,0.02,0.06,0.03,0.0,1.02,0.0,0.9,0.26,0.15,0.05,0.0,0.09,0.04,0.0,1.66,0.51,0.0,0.0,0.03,0.17,0.08,0.11,0.03,0.0,0.0,0.11,0.04,0.08,0.03,0.07,0.02,0.06,0.02,0.03,0.06,0.02
51009,R. Scott,GK,Newcastle,0.0,0.0,0.0,0.0,0.0,0.0,0.0,0.0,0.0,0.0,0.0,0.0,0.0,0.0,0.0,0.0,0.0,0.0,0.0,0.0,0.0,0.0,0.0,0.0,0.0,0.0,0.0,0.0,0.0,0.0,0.0,0.0,0.0,0.0,0.0,0.0,0.0,0.0,0.0,0.0,0.0,0.0,0.0,0.0,0.0,0.0,0.0,0.0,0.0,0.0,0.0,0.0,0.0,0.0,0.0,0.0,0.0,0.0,0.0,0.0,0.0,0.0,0.33,9.0,0.0,0.0,0.25,8.0,1.0,1.0,0.0,2.0,0.5,2.0,0.4,5.0,0.33,3.0,0.0,0.0,0.0,0.0,0.17,6.0,0.0,0.0,0.0,0.0,0.67,3.0,0.0,0.0,0.0,0.0,0.0,0.0,0.0,0.0,98.4,1,0.0,0.0,0.0,0.0,0.0,0.0,0.0,0.0,0.0,0.0,0.0,0.0,0.0,0.0,0.0,0.0,0.0,0.0,0.0,0.0,0.0,0.0,0.0,0.0,0.0,0.0,0.0,0.0,0.0,0.0,0.0,0.0,0.0,0.0,0.0,0.0,0.0,0.0,0.0,0.0,0.0,0.0,0.0,0.0,0.0,0.0,0.0,0.0,0.0,0.0,0.0,0.0,0.0,0.0,0.0,0.0,0.0,0.0,0.0,0.0,0.0,0.0
51014,I. Vujica,LWB,Macarthur FC,0.56,0.18,3.5,0.01,0.18,0.21,0.0,0.0,0.14,0.0,0.01,0.01,0.06,0.1,0.0,0.0,0.0,0.0,0.01,0.0,0.0,0.03,0.0,0.0,0.01,0.0,0.06,0.02,0.05,0.0,1.5,0.0,0.5,1.5,0.0,0.09,0.47,0.0,0.07,0.11,0.0,0.75,2.75,0.42,0.14,0.0,0.18,0.36,0.07,0.18,0.0,0.0,0.06,0.11,0.0,0.43,0.08,0.03,0.0,0.13,0.05,0.0,0.29,24.0,0.0,0.0,0.0,3.0,0.33,21.0,0.21,19.0,0.67,3.0,0.5,2.0,0.07,14.0,0.71,7.0,0.5,2.0,0.0,2.0,0.14,14.0,0.57,7.0,0.0,0.0,0.0,0.0,0.0,0.0,1.0,1.0,0.0,0.0,98.75,1,0.51,0.16,3.19,0.01,0.16,0.19,0.0,0.0,0.13,0.0,0.01,0.01,0.05,0.09,0.0,0.0,0.0,0.0,0.01,0.0,0.0,0.03,0.0,0.0,0.01,0.0,0.05,0.02,0.05,0.0,1.37,0.0,0.46,1.37,0.0,0.08,0.43,0.0,0.06,0.1,0.0,0.68,2.51,0.38,0.13,0.0,0.16,0.33,0.06,0.16,0.0,0.0,0.05,0.1,0.0,0.39,0.07,0.03,0.0,0.12,0.05,0.0
51015,A. Rufer,DM,Wellington P FC,0.31,0.14,8.0,0.01,0.04,0.09,0.01,0.13,0.01,0.03,0.0,0.0,0.01,0.0,0.0,0.13,0.0,0.0,0.0,0.0,0.0,0.13,0.0,0.0,0.0,0.0,0.0,0.0,0.0,0.0,1.5,0.0,4.5,2.0,0.0,0.03,0.29,0.0,0.0,0.13,0.0,4.75,3.25,0.07,0.18,0.06,0.07,0.23,0.13,0.0,0.13,0.01,0.01,0.13,0.13,0.15,0.01,0.13,0.0,0.01,0.13,0.0,0.25,44.0,0.0,0.0,0.08,12.0,0.31,32.0,0.19,16.0,0.55,11.0,0.12,17.0,0.29,24.0,0.3,10.0,1.0,1.0,0.14,7.0,0.14,22.0,0.43,7.0,1.0,1.0,0.0,1.0,1.0,1.0,0.5,2.0,0.33,3.0,98.82,1,0.28,0.13,7.29,0.01,0.04,0.08,0.01,0.12,0.01,0.03,0.0,0.0,0.01,0.0,0.0,0.12,0.0,0.0,0.0,0.0,0.0,0.12,0.0,0.0,0.0,0.0,0.0,0.0,0.0,0.0,1.37,0.0,4.1,1.82,0.0,0.03,0.26,0.0,0.0,0.12,0.0,4.33,2.96,0.06,0.16,0.05,0.06,0.21,0.12,0.0,0.12,0.01,0.01,0.12,0.12,0.14,0.01,0.12,0.0,0.01,0.12,0.0
51015,A. Rufer,LM,Wellington P FC,0.32,0.06,6.75,0.01,0.11,0.13,0.0,0.0,0.02,0.0,0.04,0.0,0.04,0.0,0.0,0.0,0.0,0.0,0.0,0.0,0.01,0.0,0.0,0.0,0.0,0.0,0.0,0.04,0.0,0.0,1.25,0.0,4.5,1.0,0.0,0.07,0.25,0.0,0.01,0.04,0.0,0.5,6.25,0.1,0.18,0.04,0.21,0.09,0.0,0.01,0.04,0.0,0.05,0.0,0.0,0.23,0.04,0.0,0.0,0.06,0.0,0.0,0.19,37.0,0.0,0.0,0.0,7.0,0.23,30.0,0.15,13.0,0.29,14.0,0.1,10.0,0.16,19.0,0.43,7.0,1.0,1.0,0.12,8.0,0.25,16.0,0.4,5.0,0.0,1.0,0.0,0.0,0.0,2.0,0.0,1.0,0.0,4.0,100.85,1,0.29,0.05,6.02,0.01,0.1,0.12,0.0,0.0,0.02,0.0,0.04,0.0,0.04,0.0,0.0,0.0,0.0,0.0,0.0,0.0,0.01,0.0,0.0,0.0,0.0,0.0,0.0,0.04,0.0,0.0,1.12,0.0,4.02,0.89,0.0,0.06,0.22,0.0,0.01,0.04,0.0,0.45,5.58,0.09,0.16,0.04,0.19,0.08,0.0,0.01,0.04,0.0,0.04,0.0,0.0,0.21,0.04,0.0,0.0,0.05,0.0,0.0
51017,T. Payne,RB,Wellington P FC,0.5,0.24,0.0,0.0,0.08,0.24,0.04,0.0,0.06,0.04,0.03,0.0,0.03,0.1,0.03,0.0,0.04,0.03,0.01,0.05,0.0,0.0,0.0,0.01,0.0,0.01,0.14,0.05,0.0,0.0,-0.25,0.0,0.5,-0.25,0.0,0.08,0.42,0.0,0.05,0.2,0.0,0.25,-0.25,0.02,0.04,0.44,0.12,0.37,0.03,0.0,0.03,0.21,0.03,0.22,0.13,0.19,0.01,0.05,0.16,0.05,0.1,0.1,0.43,28.0,0.0,0.0,0.4,5.0,0.43,23.0,0.67,3.0,0.62,8.0,0.29,17.0,0.44,9.0,0.5,14.0,0.57,7.0,0.4,5.0,0.14,7.0,0.5,10.0,0.0,0.0,1.0,1.0,0.0,1.0,1.0,2.0,0.5,2.0,98.82,1,0.46,0.22,0.0,0.0,0.07,0.22,0.04,0.0,0.05,0.04,0.03,0.0,0.03,0.09,0.03,0.0,0.04,0.03,0.01,0.05,0.0,0.0,0.0,0.01,0.0,0.01,0.13,0.05,0.0,0.0,-0.23,0.0,0.46,-0.23,0.0,0.07,0.38,0.0,0.05,0.18,0.0,0.23,-0.23,0.02,0.04,0.4,0.11,0.34,0.03,0.0,0.03,0.19,0.03,0.2,0.12,0.17,0.01,0.05,0.15,0.05,0.09,0.09
51028,S. Sutton,LB,Wellington P FC,0.58,0.38,2.75,0.02,0.08,0.4,0.01,0.0,0.03,0.02,0.02,0.01,0.04,0.32,0.0,0.0,0.01,0.0,0.0,0.0,0.0,0.19,0.0,0.09,0.0,0.0,0.03,0.05,0.02,0.0,0.0,0.0,0.5,2.25,0.0,0.08,0.5,0.0,0.02,0.36,0.0,2.0,0.75,0.38,0.19,0.0,0.13,0.42,0.19,0.19,0.19,0.0,0.05,0.32,0.27,0.17,0.06,0.02,0.28,0.05,0.03,0.27,0.23,30.0,0.0,0.0,0.2,10.0,0.25,20.0,0.24,25.0,0.33,3.0,0.0,2.0,0.23,13.0,0.43,7.0,1.0,1.0,0.08,12.0,0.44,9.0,0.14,7.0,0.0,1.0,0.0,0.0,0.0,0.0,0.0,0.0,1.0,1.0,98.82,1,0.53,0.35,2.5,0.02,0.07,0.36,0.01,0.0,0.03,0.02,0.02,0.01,0.04,0.29,0.0,0.0,0.01,0.0,0.0,0.0,0.0,0.17,0.0,0.08,0.0,0.0,0.03,0.05,0.02,0.0,0.0,0.0,0.46,2.05,0.0,0.07,0.46,0.0,0.02,0.33,0.0,1.82,0.68,0.35,0.17,0.0,0.12,0.38,0.17,0.17,0.17,0.0,0.05,0.29,0.25,0.15,0.05,0.02,0.26,0.05,0.03,0.25
51028,S. Sutton,LWB,Wellington P FC,0.62,0.35,2.0,0.01,0.07,0.49,0.0,0.0,0.02,0.01,0.02,0.0,0.04,0.31,0.0,0.0,0.0,0.0,0.0,0.0,0.0,0.12,0.01,0.0,0.0,0.0,0.08,0.07,0.06,0.0,0.75,0.0,0.0,1.25,0.0,0.27,0.35,0.0,0.22,0.13,0.0,0.25,1.75,0.47,0.15,0.0,0.09,0.52,0.25,0.2,0.14,0.0,0.04,0.31,0.18,0.27,0.08,0.19,0.03,0.09,0.24,0.0,0.22,32.0,0.0,0.0,0.25,12.0,0.2,20.0,0.19,27.0,0.5,4.0,0.0,1.0,0.25,16.0,0.18,11.0,0.0,3.0,0.33,6.0,0.17,12.0,0.25,8.0,0.0,1.0,0.0,0.0,0.0,1.0,0.0,2.0,0.5,2.0,99.2,1,0.56,0.32,1.81,0.01,0.06,0.44,0.0,0.0,0.02,0.01,0.02,0.0,0.04,0.28,0.0,0.0,0.0,0.0,0.0,0.0,0.0,0.11,0.01,0.0,0.0,0.0,0.07,0.06,0.05,0.0,0.68,0.0,0.0,1.13,0.0,0.24,0.32,0.0,0.2,0.12,0.0,0.23,1.59,0.43,0.14,0.0,0.08,0.47,0.23,0.18,0.13,0.0,0.04,0.28,0.16,0.24,0.07,0.17,0.03,0.08,0.22,0.0
51044,L. Brattan,DM,Macarthur FC,0.3,0.08,4.25,0.01,0.11,0.12,0.0,0.02,0.02,0.01,0.01,0.0,0.04,0.01,0.0,0.02,0.01,0.0,0.0,0.0,0.01,0.0,0.01,0.0,0.0,0.0,0.02,0.05,0.0,0.0,1.25,0.25,1.25,1.5,0.0,0.07,0.23,0.0,0.04,0.04,0.0,1.0,3.25,0.16,0.06,0.08,0.14,0.14,0.03,0.04,0.01,0.03,0.04,0.03,0.0,0.21,0.07,0.0,0.0,0.08,0.0,0.0,0.19,43.0,0.0,0.0,0.12,8.0,0.2,35.0,0.16,19.0,0.33,9.0,0.13,15.0,0.2,25.0,0.33,6.0,0.0,1.0,0.08,12.0,0.2,20.0,0.25,8.0,0.0,0.0,0.0,0.0,0.0,1.0,0.0,0.0,0.5,2.0,98.75,1,0.27,0.07,3.87,0.01,0.1,0.11,0.0,0.02,0.02,0.01,0.01,0.0,0.04,0.01,0.0,0.02,0.01,0.0,0.0,0.0,0.01,0.0,0.01,0.0,0.0,0.0,0.02,0.05,0.0,0.0,1.14,0.23,1.14,1.37,0.0,0.06,0.21,0.0,0.04,0.04,0.0,0.91,2.96,0.15,0.05,0.07,0.13,0.13,0.03,0.04,0.01,0.03,0.04,0.03,0.0,0.19,0.06,0.0,0.0,0.07,0.0,0.0
51045,A. Cáceres,AM,Sydney FC,1.16,0.43,3.5,0.02,0.17,0.8,0.0,0.01,0.08,0.04,0.04,0.0,0.04,0.29,0.0,0.0,0.07,0.02,0.0,0.0,0.03,0.0,0.0,0.01,0.0,0.0,0.09,0.26,0.03,0.0,0.25,0.5,1.0,1.75,0.67,0.49,0.0,0.27,0.16,0.0,2.5,1.0,0.0,0.37,0.32,0.47,0.23,0.92,0.05,0.15,0.12,0.15,0.05,0.38,0.04,0.86,0.14,0.11,0.01,0.27,0.14,0.01,0.39,46.0,0.31,26.0,0.5,20.0,0.0,0.0,0.3,10.0,0.5,14.0,0.36,22.0,0.27,15.0,0.48,29.0,0.57,7.0,0.0,2.0,0.31,16.0,0.43,23.0,0.0,0.0,0.0,0.0,0.0,0.0,0.6,5.0,0.0,0.0,96.0,1,1.09,0.4,3.28,0.02,0.16,0.75,0.0,0.01,0.08,0.04,0.04,0.0,0.04,0.27,0.0,0.0,0.07,0.02,0.0,0.0,0.03,0.0,0.0,0.01,0.0,0.0,0.08,0.24,0.03,0.0,0.23,0.47,0.94,1.64,0.63,0.46,0.0,0.25,0.15,0.0,2.34,0.94,0.0,0.35,0.3,0.44,0.22,0.86,0.05,0.14,0.11,0.14,0.05,0.36,0.04,0.81,0.13,0.1,0.01,0.25,0.13,0.01
51045,A. Cáceres,LM,Sydney FC,0.6,0.13,3.5,0.02,0.14,0.29,0.0,0.04,0.0,0.03,0.08,0.0,0.05,0.04,0.0,0.02,0.0,0.01,0.0,0.0,0.03,0.0,0.0,0.01,0.0,0.0,0.01,0.06,0.02,0.25,0.5,0.0,2.25,0.5,0.0,0.01,0.59,0.0,0.0,0.13,0.0,0.25,3.25,0.26,0.12,0.22,0.25,0.33,0.0,0.09,0.02,0.02,0.06,0.06,0.0,0.47,0.08,0.04,0.0,0.08,0.05,0.0,0.39,46.0,0.0,0.0,0.0,0.0,0.39,46.0,0.28,29.0,0.71,7.0,0.5,10.0,0.31,16.0,0.56,18.0,1.0,5.0,0.5,2.0,0.3,20.0,0.38,13.0,0.0,0.0,0.67,3.0,0.0,1.0,0.33,3.0,0.75,4.0,94.65,1,0.57,0.12,3.33,0.02,0.13,0.28,0.0,0.04,0.0,0.03,0.08,0.0,0.05,0.04,0.0,0.02,0.0,0.01,0.0,0.0,0.03,0.0,0.0,0.01,0.0,0.0,0.01,0.06,0.02,0.24,0.48,0.0,2.14,0.48,0.0,0.01,0.56,0.0,0.0,0.12,0.0,0.24,3.09,0.25,0.11,0.21,0.24,0.31,0.0,0.09,0.02,0.02,0.06,0.06,0.0,0.45,0.08,0.04,0.0,0.08,0.05,0.0
51051,C. Talbot,RB,Melbourne City,0.4,0.17,0.5,0.0,0.07,0.19,0.01,0.04,0.01,0.07,0.01,0.0,0.03,0.06,0.01,0.02,0.0,0.03,0.01,0.0,0.0,0.0,0.01,0.03,0.0,0.01,0.04,0.05,0.02,0.0,0.25,0.0,0.25,0.0,0.06,0.35,0.0,0.04,0.13,0.0,0.25,0.25,0.0,0.0,0.02,0.39,0.12,0.28,0.04,0.0,0.0,0.16,0.03,0.13,0.02,0.22,0.07,0.06,0.01,0.1,0.06,0.0,0.29,41.0,0.29,14.0,0.3,27.0,0.0,0.0,0.6,5.0,0.5,4.0,0.22,32.0,0.18,17.0,0.27,15.0,0.33,3.0,0.5,2.0,0.27,22.0,0.36,11.0,0.0,0.0,0.0,2.0,0.0,1.0,0.33,3.0,0.0,0.0,98.72,1,0.36,0.15,0.46,0.0,0.06,0.17,0.01,0.04,0.01,0.06,0.01,0.0,0.03,0.05,0.01,0.02,0.0,0.03,0.01,0.0,0.0,0.0,0.01,0.03,0.0,0.01,0.04,0.05,0.02,0.0,0.23,0.0,0.23,0.0,0.05,0.32,0.0,0.04,0.12,0.0,0.23,0.23,0.0,0.0,0.02,0.36,0.11,0.26,0.04,0.0,0.0,0.15,0.03,0.12,0.02,0.2,0.06,0.05,0.01,0.09,0.05,0.0
51644,R. Grant,RCB,Sydney FC,0.28,0.02,2.25,0.01,0.03,0.18,0.0,0.0,0.0,0.06,0.0,0.0,0.0,0.0,0.0,0.0,0.0,0.01,0.0,0.0,0.0,0.0,0.0,0.0,0.01,0.0,0.0,0.0,0.0,0.0,0.5,0.0,0.5,1.25,0.23,0.05,0.0,0.0,0.02,0.0,1.75,0.5,0.0,0.02,0.24,0.03,0.06,0.21,0.2,0.01,0.0,0.0,0.0,0.01,0.0,0.25,0.01,0.0,0.0,0.02,0.0,0.0,0.21,38.0,0.09,11.0,0.26,27.0,0.0,0.0,0.1,10.0,0.36,14.0,0.14,14.0,0.24,25.0,1.0,1.0,0.0,0.0,0.08,13.0,0.2,20.0,0.6,5.0,0.0,0.0,0.0,0.0,0.0,0.0,0.0,0.0,0.0,0.0,96.0,1,0.26,0.02,2.11,0.01,0.03,0.17,0.0,0.0,0.0,0.06,0.0,0.0,0.0,0.0,0.0,0.0,0.0,0.01,0.0,0.0,0.0,0.0,0.0,0.0,0.01,0.0,0.0,0.0,0.0,0.0,0.47,0.0,0.47,1.17,0.22,0.05,0.0,0.0,0.02,0.0,1.64,0.47,0.0,0.02,0.22,0.03,0.06,0.2,0.19,0.01,0.0,0.0,0.0,0.01,0.0,0.23,0.01,0.0,0.0,0.02,0.0,0.0
51644,R. Grant,RWB,Sydney FC,1.53,0.47,4.75,0.01,0.14,1.01,0.03,0.01,0.01,0.21,0.1,0.0,0.01,0.34,0.03,0.0,0.0,0.04,0.04,0.06,0.0,0.21,0.0,0.08,0.0,0.0,0.07,0.04,0.02,0.0,2.75,0.0,1.5,0.5,0.0,0.1,1.43,0.0,0.0,0.47,0.0,1.75,3.0,0.03,0.54,0.96,0.2,1.32,0.7,0.0,0.16,0.31,0.02,0.45,0.18,0.89,0.32,0.0,0.08,0.29,0.1,0.08,0.26,27.0,0.0,0.0,0.0,0.0,0.26,27.0,0.0,0.0,0.4,10.0,0.18,17.0,0.2,15.0,0.36,11.0,1.0,2.0,0.0,0.0,0.0,6.0,0.0,7.0,1.0,2.0,0.0,1.0,0.0,3.0,1.0,1.0,0.57,7.0,94.65,1,1.45,0.45,4.52,0.01,0.13,0.96,0.03,0.01,0.01,0.2,0.1,0.0,0.01,0.32,0.03,0.0,0.0,0.04,0.04,0.06,0.0,0.2,0.0,0.08,0.0,0.0,0.07,0.04,0.02,0.0,2.61,0.0,1.43,0.48,0.0,0.1,1.36,0.0,0.0,0.45,0.0,1.66,2.85,0.03,0.51,0.91,0.19,1.26,0.67,0.0,0.15,0.29,0.02,0.43,0.17,0.85,0.3,0.0,0.08,0.28,0.1,0.08
51649,A. Šušnjar,LCB,Newcastle,0.09,0.04,2.5,0.0,0.04,0.03,0.0,0.0,0.0,0.02,0.0,0.0,0.02,0.0,0.0,0.0,0.0,0.02,0.0,0.0,0.0,0.0,0.02,0.0,0.0,0.02,0.0,0.0,0.0,0.0,0.75,0.0,1.25,0.5,0.0,0.08,0.01,0.0,0.04,0.0,0.0,2.5,0.0,0.05,0.03,0.01,0.05,0.04,0.02,0.02,0.02,0.0,0.02,0.02,0.02,0.05,0.02,0.0,0.0,0.02,0.0,0.0,0.28,47.0,0.0,0.0,0.28,40.0,0.29,7.0,0.19,16.0,0.42,12.0,0.26,19.0,0.27,26.0,1.0,1.0,1.0,1.0,0.35,20.0,0.19,21.0,0.0,1.0,0.0,2.0,0.0,0.0,0.0,0.0,1.0,1.0,0.5,2.0,98.4,1,0.08,0.04,2.29,0.0,0.04,0.03,0.0,0.0,0.0,0.02,0.0,0.0,0.02,0.0,0.0,0.0,0.0,0.02,0.0,0.0,0.0,0.0,0.02,0.0,0.0,0.02,0.0,0.0,0.0,0.0,0.69,0.0,1.14,0.46,0.0,0.07,0.01,0.0,0.04,0.0,0.0,2.29,0.0,0.05,0.03,0.01,0.05,0.04,0.02,0.02,0.02,0.0,0.02,0.02,0.02,0.05,0.02,0.0,0.0,0.02,0.0,0.0
51667,D. Hall,RCB,Auckland FC,0.31,0.03,12.0,0.0,0.09,0.09,0.0,0.0,0.0,0.11,0.01,0.0,0.02,0.0,0.0,0.0,0.0,0.0,0.0,0.0,0.0,0.0,0.0,0.0,0.0,0.0,0.0,0.01,0.0,0.0,3.75,0.25,5.0,3.0,0.12,0.15,0.04,0.02,0.01,0.0,4.75,7.0,0.25,0.02,0.2,0.08,0.19,0.1,0.09,0.0,0.03,0.0,0.03,0.0,0.0,0.13,0.02,0.0,0.0,0.03,0.0,0.0,0.31,33.5,0.32,4.75,0.31,19.0,0.28,9.75,0.23,4.25,0.27,11.75,0.35,17.5,0.32,25.5,0.3,2.5,0.0,0.0,0.42,4.75,0.31,21.0,0.18,2.75,0.36,2.75,0.0,0.0,0.33,0.75,0.0,0.25,0.0,1.0,396.5,4,0.07,0.01,2.72,0.0,0.02,0.02,0.0,0.0,0.0,0.02,0.0,0.0,0.0,0.0,0.0,0.0,0.0,0.0,0.0,0.0,0.0,0.0,0.0,0.0,0.0,0.0,0.0,0.0,0.0,0.0,0.85,0.06,1.13,0.68,0.03,0.03,0.01,0.0,0.0,0.0,1.08,1.59,0.06,0.0,0.05,0.02,0.04,0.02,0.02,0.0,0.01,0.0,0.01,0.0,0.0,0.03,0.0,0.0,0.0,0.01,0.0,0.0
51668,A. Kuol,CF,CC Mariners,1.17,0.31,1.0,0.02,0.31,0.54,0.05,0.03,0.05,0.07,0.09,0.0,0.13,0.14,0.01,0.0,0.04,0.0,0.0,0.19,0.0,0.07,0.0,0.0,0.0,0.0,0.06,0.0,0.0,0.0,0.0,0.0,1.0,0.0,0.0,0.35,0.81,0.0,0.13,0.19,0.0,1.0,0.0,0.18,0.9,0.08,0.35,0.81,0.44,0.08,0.2,0.03,0.07,0.25,0.0,0.72,0.14,0.1,0.0,0.16,0.08,0.07,0.0,3.0,0.0,0.0,0.0,2.0,0.0,1.0,0.0,0.0,0.0,2.0,0.0,1.0,0.0,1.0,0.0,2.0,0.0,1.0,0.0,0.0,0.0,1.0,0.0,0.0,0.0,0.0,0.0,0.0,0.0,1.0,0.0,1.0,0.0,0.0,98.72,1,1.07,0.28,0.91,0.02,0.28,0.49,0.05,0.03,0.05,0.06,0.08,0.0,0.12,0.13,0.01,0.0,0.04,0.0,0.0,0.17,0.0,0.06,0.0,0.0,0.0,0.0,0.05,0.0,0.0,0.0,0.0,0.0,0.91,0.0,0.0,0.32,0.74,0.0,0.12,0.17,0.0,0.91,0.0,0.16,0.82,0.07,0.32,0.74,0.4,0.07,0.18,0.03,0.06,0.23,0.0,0.66,0.13,0.09,0.0,0.15,0.07,0.06
51675,A. Thurgate,LM,Western United,0.67,0.24,7.75,0.02,0.16,0.26,0.0,0.11,0.0,0.04,0.07,0.0,0.03,0.15,0.0,0.06,0.0,0.0,0.0,0.0,0.01,0.0,0.0,0.0,0.0,0.01,0.0,0.2,0.01,0.0,3.25,0.0,4.0,0.5,0.5,0.17,0.0,0.16,0.08,0.0,7.75,0.0,0.0,0.38,0.19,0.1,0.25,0.37,0.03,0.14,0.11,0.0,0.06,0.18,0.03,0.4,0.17,0.02,0.03,0.2,0.04,0.0,0.29,24.5,0.28,21.0,0.28,3.5,0.0,0.0,0.2,10.0,0.45,9.0,0.18,5.5,0.39,11.5,0.27,5.5,0.0,0.5,0.0,6.0,0.5,9.0,0.11,4.5,0.0,0.0,0.5,1.0,0.5,1.0,0.0,0.0,0.33,3.0,180.31,2,0.33,0.12,3.87,0.01,0.08,0.13,0.0,0.05,0.0,0.02,0.03,0.0,0.01,0.07,0.0,0.03,0.0,0.0,0.0,0.0,0.0,0.0,0.0,0.0,0.0,0.0,0.0,0.1,0.0,0.0,1.62,0.0,2.0,0.25,0.25,0.08,0.0,0.08,0.04,0.0,3.87,0.0,0.0,0.19,0.09,0.05,0.12,0.18,0.01,0.07,0.05,0.0,0.03,0.09,0.01,0.2,0.08,0.01,0.01,0.1,0.02,0.0
51678,J. Duncan,GK,Melbourne V FC,0.0,0.0,0.0,0.0,0.0,0.0,0.0,0.0,0.0,0.0,0.0,0.0,0.0,0.0,0.0,0.0,0.0,0.0,0.0,0.0,0.0,0.0,0.0,0.0,0.0,0.0,0.0,0.0,0.0,0.0,0.0,0.0,0.0,0.0,0.0,0.0,0.0,0.0,0.0,0.0,0.0,0.0,0.0,0.0,0.0,0.0,0.0,0.0,0.0,0.0,0.0,0.0,0.0,0.0,0.0,0.0,0.0,0.0,0.0,0.0,0.0,0.0,0.17,6.0,0.0,0.0,0.25,4.0,0.0,2.0,0.33,3.0,0.0,2.0,0.0,1.0,0.25,4.0,0.0,0.0,0.0,0.0,0.5,2.0,0.0,1.0,0.0,0.0,0.0,3.0,0.0,0.0,0.0,0.0,0.0,0.0,0.0,0.0,97.42,1,0.0,0.0,0.0,0.0,0.0,0.0,0.0,0.0,0.0,0.0,0.0,0.0,0.0,0.0,0.0,0.0,0.0,0.0,0.0,0.0,0.0,0.0,0.0,0.0,0.0,0.0,0.0,0.0,0.0,0.0,0.0,0.0,0.0,0.0,0.0,0.0,0.0,0.0,0.0,0.0,0.0,0.0,0.0,0.0,0.0,0.0,0.0,0.0,0.0,0.0,0.0,0.0,0.0,0.0,0.0,0.0,0.0,0.0,0.0,0.0,0.0,0.0
51681,S. Ugarković,LM,Melbourne City,1.47,0.54,0.5,0.02,0.41,0.68,0.04,0.06,0.07,0.06,0.14,0.01,0.25,0.16,0.03,0.03,0.04,0.01,0.0,0.11,0.03,0.04,0.0,0.0,0.02,0.05,0.22,0.09,0.0,0.0,0.25,0.0,0.25,0.0,0.39,1.09,0.0,0.19,0.36,0.0,0.5,0.0,0.0,0.56,0.69,0.22,0.49,0.98,0.41,0.19,0.33,0.02,0.12,0.42,0.09,1.07,0.17,0.19,0.03,0.39,0.12,0.03,0.32,22.0,0.17,6.0,0.38,16.0,0.0,0.0,0.31,13.0,0.33,3.0,0.33,6.0,0.35,17.0,0.2,5.0,0.0,0.0,0.0,0.0,0.33,15.0,0.29,7.0,0.0,0.0,0.0,0.0,0.0,0.0,0.0,0.0,0.0,0.0,98.72,1,1.34,0.49,0.46,0.02,0.37,0.62,0.04,0.05,0.06,0.05,0.13,0.01,0.23,0.15,0.03,0.03,0.04,0.01,0.0,0.1,0.03,0.04,0.0,0.0,0.02,0.05,0.2,0.08,0.0,0.0,0.23,0.0,0.23,0.0,0.36,0.99,0.0,0.17,0.33,0.0,0.46,0.0,0.0,0.51,0.63,0.2,0.45,0.89,0.37,0.17,0.3,0.02,0.11,0.38,0.08,0.98,0.15,0.17,0.03,0.36,0.11,0.03
51685,L. Jackson,LCB,Melbourne V FC,0.49,0.0,1.25,0.0,0.04,0.06,0.0,0.0,0.0,0.39,0.0,0.0,0.0,0.0,0.0,0.0,0.0,0.0,0.0,0.0,0.0,0.0,0.0,0.0,0.0,0.0,0.0,0.0,0.0,0.25,0.25,0.0,1.0,-0.25,0.01,0.43,0.04,0.0,0.0,0.0,1.25,0.0,0.0,0.06,0.42,0.0,0.09,0.39,0.35,0.0,0.0,0.0,0.0,0.0,0.0,0.45,0.0,0.0,0.0,0.0,0.0,0.0,0.34,35.5,0.17,6.0,0.34,23.0,0.46,6.5,0.24,23.0,0.53,7.5,0.5,5.0,0.36,26.0,0.4,2.5,0.0,0.0,0.31,6.5,0.34,24.0,0.2,2.5,0.67,1.5,0.0,0.0,0.0,0.0,0.0,0.0,0.5,1.0,196.24,2,0.22,0.0,0.57,0.0,0.02,0.03,0.0,0.0,0.0,0.18,0.0,0.0,0.0,0.0,0.0,0.0,0.0,0.0,0.0,0.0,0.0,0.0,0.0,0.0,0.0,0.0,0.0,0.0,0.0,0.11,0.11,0.0,0.46,-0.11,0.0,0.2,0.02,0.0,0.0,0.0,0.57,0.0,0.0,0.03,0.19,0.0,0.04,0.18,0.16,0.0,0.0,0.0,0.0,0.0,0.0,0.21,0.0,0.0,0.0,0.0,0.0,0.0
51694,T. Gomulka,RM,Perth Glory,0.32,0.07,8.5,0.01,0.1,0.17,0.0,0.02,0.0,0.0,0.01,0.01,0.05,0.01,0.0,0.0,0.0,0.0,0.0,0.0,0.01,0.0,0.0,0.0,0.0,0.0,0.04,0.01,0.0,0.25,3.0,0.0,1.75,3.5,0.07,0.25,0.0,0.03,0.04,0.0,4.5,4.0,0.0,0.11,0.12,0.1,0.18,0.12,0.02,0.05,0.01,0.02,0.05,0.01,0.0,0.23,0.04,0.01,0.0,0.06,0.0,0.0,0.17,29.0,0.0,4.0,0.2,25.0,0.0,0.0,0.22,9.0,0.3,10.0,0.0,10.0,0.19,21.0,0.33,3.0,0.0,0.0,0.0,1.0,0.0,16.0,0.0,2.0,1.0,1.0,0.0,0.0,0.0,0.0,0.0,0.0,0.44,9.0,102.13,1,0.28,0.06,7.49,0.01,0.09,0.15,0.0,0.02,0.0,0.0,0.01,0.01,0.04,0.01,0.0,0.0,0.0,0.0,0.0,0.0,0.01,0.0,0.0,0.0,0.0,0.0,0.04,0.01,0.0,0.22,2.64,0.0,1.54,3.08,0.06,0.22,0.0,0.03,0.04,0.0,3.97,3.52,0.0,0.1,0.11,0.09,0.16,0.11,0.02,0.04,0.01,0.02,0.04,0.01,0.0,0.2,0.04,0.01,0.0,0.05,0.0,0.0
51713,C. Elliott,RB,Auckland FC,0.55,0.22,3.0,0.0,0.14,0.28,0.0,0.01,0.07,0.06,0.01,0.0,0.06,0.1,0.0,0.0,0.06,0.0,0.0,0.0,0.0,0.02,0.0,0.01,0.0,0.02,0.07,0.05,0.04,0.25,1.25,0.0,0.5,1.0,0.03,0.39,0.13,0.02,0.12,0.08,0.0,2.0,1.0,0.0,0.11,0.45,0.17,0.38,0.07,0.0,0.0,0.22,0.05,0.17,0.03,0.27,0.14,0.06,0.01,0.12,0.1,0.0,0.27,24.0,0.0,0.5,0.25,16.0,0.33,7.5,0.5,2.0,0.44,4.5,0.2,17.5,0.29,10.5,0.37,8.0,0.5,2.0,0.0,2.0,0.33,13.5,0.25,6.0,0.5,1.0,0.0,0.0,0.0,1.0,0.0,0.5,0.0,0.0,150.18,2,0.33,0.13,1.8,0.0,0.08,0.17,0.0,0.01,0.04,0.04,0.01,0.0,0.04,0.06,0.0,0.0,0.04,0.0,0.0,0.0,0.0,0.01,0.0,0.01,0.0,0.01,0.04,0.03,0.02,0.15,0.75,0.0,0.3,0.6,0.02,0.23,0.08,0.01,0.07,0.05,0.0,1.2,0.6,0.0,0.07,0.27,0.1,0.23,0.04,0.0,0.0,0.13,0.03,0.1,0.02,0.16,0.08,0.04,0.01,0.07,0.06,0.0
104563,N. Atkinson,RB,Melbourne City,0.47,0.22,1.0,0.01,0.09,0.32,0.0,0.01,0.0,0.02,0.01,0.0,0.04,0.14,0.0,0.04,0.0,0.0,0.0,0.0,0.0,0.0,0.01,0.07,0.0,0.0,0.04,0.04,0.06,0.0,0.5,0.0,0.5,0.0,0.31,0.16,0.0,0.14,0.09,0.0,1.0,0.0,0.0,0.0,0.04,0.43,0.13,0.33,0.04,0.0,0.01,0.21,0.05,0.17,0.1,0.27,0.03,0.04,0.1,0.05,0.14,0.04,0.37,52.0,0.32,34.0,0.44,18.0,0.0,0.0,0.62,8.0,0.38,8.0,0.31,36.0,0.38,24.0,0.47,17.0,0.5,2.0,0.22,9.0,0.4,20.0,0.39,18.0,0.0,0.0,0.0,0.0,0.0,0.0,0.67,3.0,0.0,2.0,98.75,1,0.43,0.2,0.91,0.01,0.08,0.29,0.0,0.01,0.0,0.02,0.01,0.0,0.04,0.13,0.0,0.04,0.0,0.0,0.0,0.0,0.0,0.0,0.01,0.06,0.0,0.0,0.04,0.04,0.05,0.0,0.46,0.0,0.46,0.0,0.28,0.15,0.0,0.13,0.08,0.0,0.91,0.0,0.0,0.0,0.04,0.39,0.12,0.3,0.04,0.0,0.01,0.19,0.05,0.15,0.09,0.25,0.03,0.04,0.09,0.05,0.13,0.04
104563,N. Atkinson,RM,Melbourne City,1.19,0.59,1.75,0.01,0.3,0.58,0.02,0.05,0.1,0.05,0.08,0.0,0.12,0.39,0.01,0.01,0.07,0.0,0.0,0.1,0.01,0.23,0.0,0.01,0.0,0.02,0.1,0.11,0.01,0.0,1.0,0.0,0.75,0.0,0.32,0.87,0.0,0.13,0.46,0.0,1.25,0.5,0.0,0.12,0.63,0.44,0.26,0.92,0.27,0.05,0.32,0.22,0.09,0.5,0.25,0.62,0.28,0.18,0.08,0.38,0.15,0.07,0.38,29.0,0.25,8.0,0.43,21.0,0.0,0.0,0.25,8.0,0.5,8.0,0.38,13.0,0.32,19.0,0.62,8.0,0.5,2.0,0.0,1.0,0.35,17.0,0.44,9.0,0.0,0.0,0.0,1.0,0.0,0.0,0.0,0.0,1.0,1.0,98.72,1,1.08,0.54,1.6,0.01,0.27,0.53,0.02,0.05,0.09,0.05,0.07,0.0,0.11,0.36,0.01,0.01,0.06,0.0,0.0,0.09,0.01,0.21,0.0,0.01,0.0,0.02,0.09,0.1,0.01,0.0,0.91,0.0,0.68,0.0,0.29,0.79,0.0,0.12,0.42,0.0,1.14,0.46,0.0,0.11,0.57,0.4,0.24,0.84,0.25,0.05,0.29,0.2,0.08,0.46,0.23,0.57,0.26,0.16,0.07,0.35,0.14,0.06
114464,G. Ferreyra,RCB,Melbourne City,0.15,0.0,0.75,0.01,0.03,0.04,0.0,0.0,0.0,0.07,0.0,0.0,0.0,0.0,0.0,0.0,0.0,0.0,0.0,0.0,0.0,0.0,0.0,0.0,0.0,0.0,0.0,0.0,0.0,0.0,0.5,0.0,0.0,0.25,0.04,0.11,0.0,0.0,0.0,0.0,0.75,0.0,0.0,0.02,0.07,0.08,0.08,0.07,0.05,0.0,0.0,0.0,0.0,0.0,0.0,0.11,0.0,0.0,0.0,0.0,0.0,0.0,0.39,25.5,0.38,13.0,0.4,12.5,0.0,0.0,0.5,5.0,0.37,8.0,0.36,12.5,0.45,15.5,0.34,3.0,1.0,0.5,0.33,6.0,0.33,13.5,0.33,3.0,0.67,1.5,0.0,0.0,0.0,0.0,1.0,0.5,1.0,1.0,120.5,2,0.11,0.0,0.56,0.01,0.02,0.03,0.0,0.0,0.0,0.05,0.0,0.0,0.0,0.0,0.0,0.0,0.0,0.0,0.0,0.0,0.0,0.0,0.0,0.0,0.0,0.0,0.0,0.0,0.0,0.0,0.37,0.0,0.0,0.19,0.03,0.08,0.0,0.0,0.0,0.0,0.56,0.0,0.0,0.01,0.05,0.06,0.06,0.05,0.04,0.0,0.0,0.0,0.0,0.0,0.0,0.08,0.0,0.0,0.0,0.0,0.0,0.0
133498,F. De Vries,LB,Auckland FC,2.28,1.14,5.75,0.01,0.27,1.46,0.02,0.02,0.22,0.17,0.09,0.0,0.1,0.76,0.0,0.01,0.21,0.0,0.06,0.0,0.0,0.14,0.0,0.13,0.0,0.01,0.19,0.45,0.22,0.0,1.25,0.25,1.75,2.5,0.52,1.64,0.11,0.23,0.86,0.06,3.25,2.0,0.5,1.86,0.4,0.03,0.43,1.81,0.71,0.8,0.35,0.0,0.19,0.96,0.53,1.14,0.32,0.34,0.13,0.38,0.42,0.16,0.31,28.75,0.43,5.75,0.28,19.5,0.21,3.5,0.29,22.5,0.45,5.0,0.0,1.25,0.2,13.75,0.42,13.25,0.5,2.0,0.0,1.25,0.2,8.75,0.4,13.0,0.5,1.0,0.0,0.25,0.0,0.75,0.33,1.5,0.33,1.5,328.12,4,0.63,0.31,1.58,0.0,0.07,0.4,0.01,0.01,0.06,0.05,0.02,0.0,0.03,0.21,0.0,0.0,0.06,0.0,0.02,0.0,0.0,0.04,0.0,0.04,0.0,0.0,0.05,0.12,0.06,0.0,0.34,0.07,0.48,0.69,0.14,0.45,0.03,0.06,0.24,0.02,0.89,0.55,0.14,0.51,0.11,0.01,0.12,0.5,0.19,0.22,0.1,0.0,0.05,0.26,0.15,0.31,0.09,0.09,0.04,0.1,0.12,0.04
133501,L. Rogerson,RW,Auckland FC,6.79,3.64,8.75,0.02,0.62,3.8,0.07,0.59,0.87,0.39,0.44,0.0,0.27,1.86,0.01,0.56,0.65,0.02,0.29,0.09,0.01,2.59,0.0,0.06,0.05,0.08,0.36,0.41,0.01,0.0,-0.25,0.0,8.25,0.75,1.63,3.48,1.67,1.01,1.63,1.03,2.25,3.75,2.75,0.24,5.0,1.55,0.64,6.13,3.71,0.07,2.83,0.74,0.22,3.43,2.51,3.3,1.94,0.8,0.19,2.05,1.32,0.2,0.26,19.25,0.3,2.5,0.29,12.75,0.12,4.0,0.25,2.0,0.64,2.75,0.19,14.5,0.16,9.5,0.4,8.75,0.75,1.0,0.0,0.5,0.12,6.0,0.4,8.0,0.0,0.0,0.0,0.25,0.25,1.0,0.0,0.75,0.2,2.5,309.72,4,1.97,1.06,2.54,0.01,0.18,1.1,0.02,0.17,0.25,0.11,0.13,0.0,0.08,0.54,0.0,0.16,0.19,0.01,0.08,0.03,0.0,0.75,0.0,0.02,0.01,0.02,0.1,0.12,0.0,0.0,-0.07,0.0,2.4,0.22,0.47,1.01,0.49,0.29,0.47,0.3,0.65,1.09,0.8,0.07,1.45,0.45,0.19,1.78,1.08,0.02,0.82,0.22,0.06,1.0,0.73,0.96,0.56,0.23,0.06,0.6,0.38,0.06
133852,C. Hollman,RDM,Sydney FC,0.87,0.32,5.0,0.01,0.09,0.6,0.0,0.04,0.0,0.11,0.02,0.0,0.01,0.25,0.0,0.04,0.0,0.01,0.01,0.0,0.0,0.0,0.0,0.0,0.01,0.0,0.19,0.08,0.03,0.0,0.5,0.0,3.0,1.5,0.64,0.23,0.0,0.3,0.01,0.0,4.25,0.75,0.0,0.42,0.18,0.27,0.16,0.7,0.29,0.11,0.01,0.19,0.02,0.29,0.14,0.64,0.11,0.12,0.0,0.23,0.08,0.0,0.12,43.0,0.09,22.0,0.14,21.0,0.0,0.0,0.27,11.0,0.0,9.0,0.09,23.0,0.04,23.0,0.25,12.0,0.0,0.0,0.1,10.0,0.06,18.0,0.23,13.0,0.0,0.0,0.0,0.0,0.0,1.0,0.0,1.0,0.0,0.0,96.0,1,0.82,0.3,4.69,0.01,0.08,0.56,0.0,0.04,0.0,0.1,0.02,0.0,0.01,0.23,0.0,0.04,0.0,0.01,0.01,0.0,0.0,0.0,0.0,0.0,0.01,0.0,0.18,0.08,0.03,0.0,0.47,0.0,2.81,1.41,0.6,0.22,0.0,0.28,0.01,0.0,3.98,0.7,0.0,0.39,0.17,0.25,0.15,0.66,0.27,0.1,0.01,0.18,0.02,0.27,0.13,0.6,0.1,0.11,0.0,0.22,0.08,0.0
133854,A. Segecic,LW,Sydney FC,4.45,2.21,0.5,0.05,0.91,2.31,0.01,0.11,0.4,0.2,0.46,0.01,0.38,1.2,0.01,0.0,0.38,0.07,0.15,0.86,0.01,0.68,0.0,0.0,0.0,0.01,0.64,0.02,0.0,0.0,0.0,0.0,0.0,0.5,0.0,0.1,4.35,0.0,0.01,2.2,0.0,0.0,0.5,1.02,2.52,0.91,1.13,3.31,1.72,0.45,1.41,0.34,0.49,1.71,0.8,1.92,1.06,0.67,0.38,0.94,1.11,0.14,0.42,12.0,0.0,0.0,1.0,1.0,0.36,11.0,0.25,8.0,1.0,2.0,0.5,2.0,0.2,5.0,0.67,6.0,0.0,0.0,0.0,0.0,0.5,4.0,0.67,3.0,0.0,0.0,0.5,2.0,0.0,0.0,0.0,1.0,0.0,2.0,94.65,1,4.23,2.1,0.48,0.05,0.87,2.2,0.01,0.1,0.38,0.19,0.44,0.01,0.36,1.14,0.01,0.0,0.36,0.07,0.14,0.82,0.01,0.65,0.0,0.0,0.0,0.01,0.61,0.02,0.0,0.0,0.0,0.0,0.0,0.48,0.0,0.1,4.14,0.0,0.01,2.09,0.0,0.0,0.48,0.97,2.4,0.87,1.07,3.15,1.64,0.43,1.34,0.32,0.47,1.63,0.76,1.83,1.01,0.64,0.36,0.89,1.06,0.13
157294,R. Teague,RDM,Melbourne V FC,1.16,0.39,5.25,0.0,0.12,0.83,0.0,0.01,0.12,0.03,0.06,0.0,0.02,0.29,0.0,0.0,0.08,0.0,0.0,0.08,0.01,0.09,0.01,0.0,0.0,0.0,0.0,0.18,0.02,0.0,1.5,0.5,2.5,0.75,0.08,0.66,0.43,0.02,0.28,0.1,0.75,3.75,0.75,0.27,0.67,0.22,0.24,0.91,0.26,0.0,0.34,0.04,0.02,0.37,0.18,0.97,0.01,0.08,0.0,0.31,0.08,0.0,0.13,31.0,0.0,2.5,0.12,17.5,0.18,11.0,0.18,13.5,0.13,7.5,0.05,10.0,0.17,15.0,0.09,12.0,1.0,0.5,0.33,1.5,0.09,10.5,0.08,14.0,0.0,0.5,0.0,0.0,0.67,1.5,0.0,0.0,0.17,3.0,156.5,2,0.67,0.22,3.02,0.0,0.07,0.48,0.0,0.01,0.07,0.02,0.03,0.0,0.01,0.17,0.0,0.0,0.05,0.0,0.0,0.05,0.01,0.05,0.01,0.0,0.0,0.0,0.0,0.1,0.01,0.0,0.86,0.29,1.44,0.43,0.05,0.38,0.25,0.01,0.16,0.06,0.43,2.16,0.43,0.16,0.39,0.13,0.14,0.52,0.15,0.0,0.2,0.02,0.01,0.21,0.1,0.56,0.01,0.05,0.0,0.18,0.05,0.0
159688,J. Valadon,LDM,Melbourne V FC,1.89,0.39,3.75,0.02,0.18,1.12,0.0,0.11,0.29,0.03,0.12,0.01,0.03,0.32,0.0,0.01,0.01,0.0,0.0,0.12,0.01,0.0,0.0,0.0,0.0,0.0,0.09,0.17,0.0,0.25,-0.25,0.5,2.0,1.25,0.44,1.1,0.35,0.09,0.29,0.02,0.75,2.75,0.25,0.53,0.88,0.47,0.4,1.45,0.49,0.06,0.23,0.1,0.08,0.31,0.12,1.42,0.18,0.12,0.0,0.25,0.14,0.0,0.36,29.5,0.14,3.5,0.33,17.0,0.5,9.0,0.4,15.0,0.21,7.0,0.4,7.5,0.38,14.5,0.33,12.0,1.0,1.0,0.0,0.0,0.35,10.0,0.36,11.0,1.0,0.5,0.0,0.0,0.5,1.0,0.2,2.5,0.33,4.5,196.24,2,0.87,0.18,1.72,0.01,0.08,0.51,0.0,0.05,0.13,0.01,0.06,0.0,0.01,0.15,0.0,0.0,0.0,0.0,0.0,0.06,0.0,0.0,0.0,0.0,0.0,0.0,0.04,0.08,0.0,0.11,-0.11,0.23,0.92,0.57,0.2,0.5,0.16,0.04,0.13,0.01,0.34,1.26,0.11,0.24,0.4,0.22,0.18,0.67,0.22,0.03,0.11,0.05,0.04,0.14,0.06,0.65,0.08,0.06,0.0,0.11,0.06,0.0
159946,M. Sutton,GK,Western United,0.0,0.0,0.0,0.0,0.0,0.0,0.0,0.0,0.0,0.0,0.0,0.0,0.0,0.0,0.0,0.0,0.0,0.0,0.0,0.0,0.0,0.0,0.0,0.0,0.0,0.0,0.0,0.0,0.0,0.0,0.0,0.0,0.0,0.0,0.0,0.0,0.0,0.0,0.0,0.0,0.0,0.0,0.0,0.0,0.0,0.0,0.0,0.0,0.0,0.0,0.0,0.0,0.0,0.0,0.0,0.0,0.0,0.0,0.0,0.0,0.0,0.0,0.19,20.5,0.18,16.5,0.25,4.0,0.0,0.0,0.21,9.5,0.3,5.0,0.08,6.0,0.5,7.0,0.0,0.0,0.0,0.0,0.15,13.0,0.0,2.5,0.0,0.0,0.4,5.0,0.0,0.0,0.0,0.0,0.0,0.0,0.0,0.0,194.48,2,0.0,0.0,0.0,0.0,0.0,0.0,0.0,0.0,0.0,0.0,0.0,0.0,0.0,0.0,0.0,0.0,0.0,0.0,0.0,0.0,0.0,0.0,0.0,0.0,0.0,0.0,0.0,0.0,0.0,0.0,0.0,0.0,0.0,0.0,0.0,0.0,0.0,0.0,0.0,0.0,0.0,0.0,0.0,0.0,0.0,0.0,0.0,0.0,0.0,0.0,0.0,0.0,0.0,0.0,0.0,0.0,0.0,0.0,0.0,0.0,0.0,0.0
163972,M. Mata,CF,Auckland FC,2.42,1.23,0.0,0.01,0.44,0.99,0.08,0.13,0.48,0.09,0.18,0.0,0.17,0.68,0.01,0.13,0.21,0.0,0.02,0.21,0.0,0.69,0.0,0.0,0.02,0.02,0.28,0.0,0.01,0.0,-0.25,0.0,0.25,0.0,0.3,0.58,1.55,0.15,0.27,0.81,-0.5,0.25,0.25,0.59,1.45,0.38,0.49,1.93,1.06,0.25,0.94,0.05,0.13,1.1,0.7,1.02,0.65,0.21,0.19,0.67,0.56,0.0,0.27,5.5,0.0,0.0,0.5,2.0,0.14,3.5,0.0,1.5,0.33,1.5,0.4,2.5,0.17,3.0,0.4,2.5,1.0,0.5,0.0,0.0,0.0,2.0,0.0,1.0,0.5,1.0,0.0,0.0,0.0,0.0,0.0,0.0,0.67,1.5,92.73,2,2.35,1.19,0.0,0.01,0.43,0.96,0.08,0.13,0.47,0.09,0.17,0.0,0.16,0.66,0.01,0.13,0.2,0.0,0.02,0.2,0.0,0.67,0.0,0.0,0.02,0.02,0.27,0.0,0.01,0.0,-0.24,0.0,0.24,0.0,0.29,0.56,1.5,0.15,0.26,0.79,-0.49,0.24,0.24,0.57,1.41,0.37,0.48,1.87,1.03,0.24,0.91,0.05,0.13,1.07,0.68,0.99,0.63,0.2,0.18,0.65,0.54,0.0
176224,P. Cancar,RCB,Newcastle,0.21,0.02,3.5,0.0,0.03,0.12,0.0,0.0,0.0,0.05,0.01,0.0,0.01,0.0,0.0,0.0,0.0,0.0,0.0,0.0,0.0,0.0,0.0,0.0,0.0,0.0,0.01,0.0,0.0,0.0,2.25,0.0,0.5,0.75,0.0,0.18,0.04,0.0,0.0,0.01,0.0,3.25,0.25,0.01,0.15,0.05,0.06,0.14,0.14,0.0,0.0,0.01,0.01,0.0,0.0,0.18,0.0,0.0,0.0,0.0,0.01,0.0,0.26,35.0,0.0,0.0,0.31,26.0,0.11,9.0,0.25,4.0,0.42,12.0,0.16,19.0,0.24,21.0,1.0,1.0,0.0,0.0,0.29,7.0,0.17,23.0,0.5,2.0,1.0,1.0,0.0,0.0,0.0,0.0,0.0,0.0,0.5,2.0,98.4,1,0.19,0.02,3.2,0.0,0.03,0.11,0.0,0.0,0.0,0.05,0.01,0.0,0.01,0.0,0.0,0.0,0.0,0.0,0.0,0.0,0.0,0.0,0.0,0.0,0.0,0.0,0.01,0.0,0.0,0.0,2.06,0.0,0.46,0.69,0.0,0.16,0.04,0.0,0.0,0.01,0.0,2.97,0.23,0.01,0.14,0.05,0.05,0.13,0.13,0.0,0.0,0.01,0.01,0.0,0.0,0.16,0.0,0.0,0.0,0.0,0.01,0.0
285188,A. Paulsen,GK,Auckland FC,0.0,0.0,0.0,0.0,0.0,0.0,0.0,0.0,0.0,0.0,0.0,0.0,0.0,0.0,0.0,0.0,0.0,0.0,0.0,0.0,0.0,0.0,0.0,0.0,0.0,0.0,0.0,0.0,0.0,0.0,0.0,0.0,0.0,0.0,0.0,0.0,0.0,0.0,0.0,0.0,0.0,0.0,0.0,0.0,0.0,0.0,0.0,0.0,0.0,0.0,0.0,0.0,0.0,0.0,0.0,0.0,0.0,0.0,0.0,0.0,0.0,0.0,0.23,8.5,0.2,1.25,0.18,5.5,0.43,1.75,0.29,1.75,0.44,2.25,0.11,4.5,0.32,4.75,0.0,0.0,0.0,0.0,0.11,4.75,0.5,0.5,0.0,0.0,0.45,2.75,0.0,0.0,0.0,0.25,0.0,0.0,0.0,0.25,396.5,4,0.0,0.0,0.0,0.0,0.0,0.0,0.0,0.0,0.0,0.0,0.0,0.0,0.0,0.0,0.0,0.0,0.0,0.0,0.0,0.0,0.0,0.0,0.0,0.0,0.0,0.0,0.0,0.0,0.0,0.0,0.0,0.0,0.0,0.0,0.0,0.0,0.0,0.0,0.0,0.0,0.0,0.0,0.0,0.0,0.0,0.0,0.0,0.0,0.0,0.0,0.0,0.0,0.0,0.0,0.0,0.0,0.0,0.0,0.0,0.0,0.0,0.0
287934,Walid Shour,RDM,Brisbane FC,0.74,0.08,4.5,0.01,0.13,0.47,0.0,0.03,0.0,0.05,0.03,0.0,0.02,0.06,0.0,0.0,0.0,0.0,0.0,0.0,0.03,0.0,0.0,0.0,0.0,0.0,0.03,0.02,0.0,0.0,2.0,0.0,2.25,0.25,0.0,0.31,0.42,0.0,0.03,0.05,0.0,4.25,0.25,0.1,0.29,0.35,0.35,0.38,0.05,0.01,0.02,0.05,0.04,0.04,0.0,0.56,0.07,0.0,0.0,0.08,0.0,0.0,0.2,55.0,0.0,0.0,0.2,41.0,0.21,14.0,0.28,18.0,0.27,11.0,0.12,26.0,0.27,33.0,0.07,15.0,0.5,2.0,0.0,3.0,0.27,22.0,0.13,23.0,0.0,0.0,0.0,2.0,0.0,0.0,0.0,1.0,0.5,4.0,102.13,1,0.65,0.07,3.97,0.01,0.11,0.41,0.0,0.03,0.0,0.04,0.03,0.0,0.02,0.05,0.0,0.0,0.0,0.0,0.0,0.0,0.03,0.0,0.0,0.0,0.0,0.0,0.03,0.02,0.0,0.0,1.76,0.0,1.98,0.22,0.0,0.27,0.37,0.0,0.03,0.04,0.0,3.75,0.22,0.09,0.26,0.31,0.31,0.33,0.04,0.01,0.02,0.04,0.04,0.04,0.0,0.49,0.06,0.0,0.0,0.07,0.0,0.0
560893,E. Alagich,LDM,Adelaide United,0.73,0.29,8.25,0.02,0.18,0.37,0.0,0.02,0.0,0.03,0.1,0.01,0.06,0.19,0.0,0.0,0.0,0.03,0.0,0.0,0.01,0.11,0.0,0.0,0.01,0.01,0.08,0.04,0.03,0.25,2.0,0.0,4.0,2.0,0.0,0.29,0.44,0.0,0.05,0.24,0.0,0.5,7.75,0.35,0.33,0.05,0.24,0.47,0.16,0.18,0.11,0.0,0.06,0.23,0.05,0.58,0.1,0.05,0.0,0.24,0.05,0.0,0.37,41.0,0.0,0.0,0.35,17.0,0.38,24.0,0.32,19.0,0.42,12.0,0.4,10.0,0.5,22.0,0.44,9.0,1.0,1.0,0.2,5.0,0.44,25.0,0.33,6.0,0.0,0.0,0.0,0.0,0.0,1.0,0.0,1.0,0.33,3.0,96.0,1,0.68,0.27,7.73,0.02,0.17,0.35,0.0,0.02,0.0,0.03,0.09,0.01,0.06,0.18,0.0,0.0,0.0,0.03,0.0,0.0,0.01,0.1,0.0,0.0,0.01,0.01,0.08,0.04,0.03,0.23,1.88,0.0,3.75,1.88,0.0,0.27,0.41,0.0,0.05,0.22,0.0,0.47,7.27,0.33,0.31,0.05,0.22,0.44,0.15,0.17,0.1,0.0,0.06,0.22,0.05,0.54,0.09,0.05,0.0,0.22,0.05,0.0
560894,A. Popovic,RCB,Sydney FC,0.45,0.04,4.25,0.0,0.02,0.08,0.0,0.01,0.0,0.32,0.01,0.0,0.0,0.0,0.0,0.0,0.0,0.04,0.0,0.0,0.0,0.0,0.01,0.0,0.0,0.0,0.04,0.0,0.0,0.0,0.5,0.0,1.0,2.75,0.0,0.04,0.41,0.0,0.04,0.01,0.0,0.0,4.25,0.0,0.31,0.14,0.06,0.38,0.32,0.0,0.0,0.04,0.0,0.04,0.04,0.4,0.01,0.0,0.0,0.04,0.0,0.0,0.35,46.0,0.0,0.0,1.0,1.0,0.33,45.0,0.4,5.0,0.47,15.0,0.27,26.0,0.22,27.0,0.58,12.0,0.0,0.0,0.4,5.0,0.41,17.0,0.5,8.0,0.5,4.0,0.0,2.0,0.0,0.0,0.5,2.0,0.0,8.0,94.65,1,0.43,0.04,4.04,0.0,0.02,0.08,0.0,0.01,0.0,0.3,0.01,0.0,0.0,0.0,0.0,0.0,0.0,0.04,0.0,0.0,0.0,0.0,0.01,0.0,0.0,0.0,0.04,0.0,0.0,0.0,0.48,0.0,0.95,2.61,0.0,0.04,0.39,0.0,0.04,0.01,0.0,0.0,4.04,0.0,0.29,0.13,0.06,0.36,0.3,0.0,0.0,0.04,0.0,0.04,0.04,0.38,0.01,0.0,0.0,0.04,0.0,0.0
560916,N. Botić,CF,Western United,7.0,3.96,0.5,0.08,1.24,2.72,0.11,0.9,1.12,0.09,0.75,0.0,0.48,1.36,0.06,0.67,1.08,0.0,0.3,1.8,0.02,1.18,0.0,0.0,0.03,0.01,0.87,0.06,0.0,0.0,0.0,0.0,0.25,0.25,6.35,0.66,0.0,3.58,0.38,0.0,0.5,0.0,0.0,1.33,5.27,0.42,1.29,5.67,2.65,0.33,3.5,0.14,0.35,3.59,1.81,2.82,2.01,0.84,0.78,2.01,1.46,0.49,0.29,15.5,0.25,14.0,0.67,1.5,0.0,0.0,0.33,7.5,0.43,3.5,0.11,4.5,0.25,10.0,0.66,3.0,0.0,0.0,0.0,0.5,0.25,4.0,0.67,1.5,1.0,1.5,0.5,1.0,0.0,2.5,0.0,0.0,0.12,4.0,194.48,2,3.24,1.83,0.23,0.04,0.57,1.26,0.05,0.42,0.52,0.04,0.35,0.0,0.22,0.63,0.03,0.31,0.5,0.0,0.14,0.83,0.01,0.55,0.0,0.0,0.01,0.0,0.4,0.03,0.0,0.0,0.0,0.0,0.12,0.12,2.94,0.31,0.0,1.66,0.18,0.0,0.23,0.0,0.0,0.62,2.44,0.19,0.6,2.62,1.23,0.15,1.62,0.06,0.16,1.66,0.84,1.31,0.93,0.39,0.36,0.93,0.68,0.23
560917,R. Bozinovski,RM,Western United,0.45,0.17,6.75,0.02,0.18,0.08,0.0,0.03,0.0,0.01,0.12,0.01,0.1,0.01,0.0,0.0,0.0,0.0,0.04,0.0,0.01,0.0,0.0,0.0,0.0,0.0,0.11,0.04,0.0,0.0,2.5,0.0,3.25,1.0,0.37,0.08,0.0,0.14,0.02,0.0,6.75,0.0,0.0,0.1,0.17,0.18,0.24,0.19,0.0,0.02,0.09,0.06,0.04,0.11,0.0,0.33,0.1,0.01,0.01,0.15,0.01,0.01,0.26,24.5,0.31,19.0,0.09,5.5,0.0,0.0,0.18,5.5,0.3,10.0,0.28,9.0,0.2,15.0,0.5,2.0,1.0,0.5,0.28,3.5,0.31,13.0,0.0,2.5,1.0,0.5,0.0,0.5,0.0,0.5,0.0,0.5,0.28,3.5,123.98,2,0.33,0.12,4.9,0.01,0.13,0.06,0.0,0.02,0.0,0.01,0.09,0.01,0.07,0.01,0.0,0.0,0.0,0.0,0.03,0.0,0.01,0.0,0.0,0.0,0.0,0.0,0.08,0.03,0.0,0.0,1.81,0.0,2.36,0.73,0.27,0.06,0.0,0.1,0.01,0.0,4.9,0.0,0.0,0.07,0.12,0.13,0.17,0.14,0.0,0.01,0.07,0.04,0.03,0.08,0.0,0.24,0.07,0.01,0.01,0.11,0.01,0.01
560983,A. Burke-Gilroy,LB,Brisbane FC,1.02,0.27,2.5,0.01,0.17,0.74,0.0,0.05,0.0,0.01,0.04,0.0,0.06,0.19,0.0,0.02,0.0,0.0,0.0,0.0,0.0,0.06,0.01,0.01,0.01,0.03,0.08,0.06,0.01,0.0,0.75,0.0,0.75,1.0,0.0,0.65,0.37,0.0,0.23,0.04,0.0,1.75,0.75,0.74,0.27,0.0,0.24,0.77,0.34,0.21,0.06,0.0,0.05,0.22,0.08,0.69,0.13,0.01,0.04,0.09,0.13,0.0,0.28,40.0,0.0,0.0,0.31,29.0,0.18,11.0,0.28,32.0,0.17,6.0,0.5,2.0,0.28,18.0,0.28,18.0,0.33,3.0,0.0,2.0,0.31,16.0,0.22,18.0,0.0,0.0,0.5,2.0,0.0,0.0,0.0,0.0,0.5,2.0,102.13,1,0.9,0.24,2.2,0.01,0.15,0.65,0.0,0.04,0.0,0.01,0.04,0.0,0.05,0.17,0.0,0.02,0.0,0.0,0.0,0.0,0.0,0.05,0.01,0.01,0.01,0.03,0.07,0.05,0.01,0.0,0.66,0.0,0.66,0.88,0.0,0.57,0.33,0.0,0.2,0.04,0.0,1.54,0.66,0.65,0.24,0.0,0.21,0.68,0.3,0.19,0.05,0.0,0.04,0.19,0.07,0.61,0.11,0.01,0.04,0.08,0.11,0.0
560984,D. Williams,CF,Perth Glory,2.18,0.72,2.25,0.03,0.27,1.32,0.04,0.02,0.09,0.0,0.41,0.0,0.11,0.52,0.02,0.0,0.05,0.0,0.02,0.01,0.0,0.51,0.0,0.0,0.0,0.0,0.11,0.09,0.0,0.0,0.0,0.0,1.0,1.25,0.34,1.85,0.0,0.1,0.62,0.0,-0.25,2.5,0.0,0.39,1.49,0.3,0.38,1.79,0.85,0.02,0.66,0.03,0.07,0.65,0.48,1.18,0.28,0.36,0.0,0.37,0.35,0.0,0.31,29.0,0.33,6.0,0.3,23.0,0.0,0.0,0.2,5.0,0.31,13.0,0.36,11.0,0.23,13.0,0.42,12.0,0.33,3.0,0.5,2.0,0.38,8.0,0.21,14.0,0.0,1.0,1.0,1.0,0.5,2.0,0.0,0.0,0.0,1.0,99.1,1,1.98,0.65,2.04,0.03,0.25,1.2,0.04,0.02,0.08,0.0,0.37,0.0,0.1,0.47,0.02,0.0,0.05,0.0,0.02,0.01,0.0,0.46,0.0,0.0,0.0,0.0,0.1,0.08,0.0,0.0,0.0,0.0,0.91,1.14,0.31,1.68,0.0,0.09,0.56,0.0,-0.23,2.27,0.0,0.35,1.35,0.27,0.35,1.63,0.77,0.02,0.6,0.03,0.06,0.59,0.44,1.07,0.25,0.33,0.0,0.34,0.32,0.0
560985,C. Cook,GK,Perth Glory,0.0,0.0,0.0,0.0,0.0,0.0,0.0,0.0,0.0,0.0,0.0,0.0,0.0,0.0,0.0,0.0,0.0,0.0,0.0,0.0,0.0,0.0,0.0,0.0,0.0,0.0,0.0,0.0,0.0,0.0,0.0,0.0,0.0,0.0,0.0,0.0,0.0,0.0,0.0,0.0,0.0,0.0,0.0,0.0,0.0,0.0,0.0,0.0,0.0,0.0,0.0,0.0,0.0,0.0,0.0,0.0,0.0,0.0,0.0,0.0,0.0,0.0,0.26,19.0,0.2,5.0,0.29,14.0,0.0,0.0,0.29,7.0,0.4,5.0,0.14,7.0,0.21,14.0,0.0,0.0,0.0,0.0,0.11,9.0,0.0,0.0,0.0,0.0,0.4,10.0,0.0,0.0,0.0,0.0,0.0,0.0,0.0,0.0,102.13,1,0.0,0.0,0.0,0.0,0.0,0.0,0.0,0.0,0.0,0.0,0.0,0.0,0.0,0.0,0.0,0.0,0.0,0.0,0.0,0.0,0.0,0.0,0.0,0.0,0.0,0.0,0.0,0.0,0.0,0.0,0.0,0.0,0.0,0.0,0.0,0.0,0.0,0.0,0.0,0.0,0.0,0.0,0.0,0.0,0.0,0.0,0.0,0.0,0.0,0.0,0.0,0.0,0.0,0.0,0.0,0.0,0.0,0.0,0.0,0.0,0.0,0.0
560989,T. Mrčela,LCB,Perth Glory,0.04,0.0,3.0,0.0,0.01,0.02,0.0,0.0,0.0,0.0,0.0,0.0,0.0,0.0,0.0,0.0,0.0,0.0,0.0,0.0,0.0,0.0,0.0,0.0,0.0,0.0,0.0,0.0,0.0,0.0,1.5,0.0,0.5,1.0,0.0,0.04,0.0,0.0,0.0,0.0,0.5,2.5,0.0,0.01,0.03,0.0,0.02,0.02,0.02,0.0,0.0,0.0,0.0,0.0,0.0,0.03,0.0,0.0,0.0,0.0,0.0,0.0,0.23,22.0,0.5,4.0,0.17,18.0,0.0,0.0,0.25,12.0,0.33,6.0,0.0,4.0,0.23,13.0,0.0,0.0,0.0,0.0,0.25,8.0,0.25,12.0,0.0,2.0,0.0,0.0,0.0,0.0,0.0,0.0,0.0,0.0,0.0,0.0,102.13,1,0.04,0.0,2.64,0.0,0.01,0.02,0.0,0.0,0.0,0.0,0.0,0.0,0.0,0.0,0.0,0.0,0.0,0.0,0.0,0.0,0.0,0.0,0.0,0.0,0.0,0.0,0.0,0.0,0.0,0.0,1.32,0.0,0.44,0.88,0.0,0.04,0.0,0.0,0.0,0.0,0.44,2.2,0.0,0.01,0.03,0.0,0.02,0.02,0.02,0.0,0.0,0.0,0.0,0.0,0.0,0.03,0.0,0.0,0.0,0.0,0.0,0.0
582974,M. Francois,LW,Auckland FC,2.29,1.84,0.75,0.01,0.19,1.12,0.05,0.27,0.46,0.03,0.17,0.0,0.08,0.87,0.01,0.25,0.46,0.03,0.13,0.12,0.0,1.28,0.0,0.0,0.0,0.03,0.18,0.22,0.0,0.0,0.5,0.0,0.25,0.0,0.0,1.69,0.6,0.0,1.38,0.46,0.0,0.5,0.25,0.71,1.58,0.0,0.38,1.9,1.0,0.26,1.54,0.03,0.17,1.67,1.34,0.47,0.98,0.39,0.36,0.87,0.59,0.38,0.33,13.5,0.0,0.0,0.33,9.0,0.33,4.5,0.32,11.0,0.4,2.5,0.0,0.0,0.37,5.5,0.45,5.5,0.5,1.0,0.0,1.0,0.33,3.0,0.38,4.0,0.0,0.5,0.0,0.0,0.33,1.5,1.0,0.5,0.4,2.5,111.57,2,1.85,1.48,0.61,0.01,0.15,0.9,0.04,0.22,0.37,0.02,0.14,0.0,0.06,0.7,0.01,0.2,0.37,0.02,0.1,0.1,0.0,1.03,0.0,0.0,0.0,0.02,0.15,0.18,0.0,0.0,0.4,0.0,0.2,0.0,0.0,1.36,0.48,0.0,1.11,0.37,0.0,0.4,0.2,0.57,1.27,0.0,0.31,1.53,0.81,0.21,1.24,0.02,0.14,1.35,1.08,0.38,0.79,0.31,0.29,0.7,0.48,0.31
624628,J. Randall,CF,Auckland FC,2.74,1.61,0.75,0.0,0.22,1.32,0.05,0.09,0.68,0.0,0.37,0.0,0.1,0.67,0.05,0.05,0.63,0.0,0.12,0.28,0.0,1.0,0.0,0.0,0.03,0.0,0.19,0.07,0.05,0.0,0.0,0.0,0.5,0.25,0.0,1.63,1.11,0.0,0.92,0.69,0.0,0.5,0.25,0.74,1.6,0.4,0.43,2.31,1.52,0.41,1.09,0.1,0.16,1.45,1.0,1.27,0.72,0.3,0.18,0.83,0.62,0.15,0.4,2.5,0.0,0.0,0.5,2.0,0.0,0.5,0.0,0.5,0.67,1.5,0.0,0.5,0.0,1.0,0.67,1.5,0.5,1.0,0.0,0.0,0.0,0.0,0.0,0.0,0.0,0.0,1.0,0.5,0.0,1.0,1.0,0.5,0.0,0.5,91.1,2,2.71,1.59,0.74,0.0,0.22,1.3,0.05,0.09,0.67,0.0,0.37,0.0,0.1,0.66,0.05,0.05,0.62,0.0,0.12,0.28,0.0,0.99,0.0,0.0,0.03,0.0,0.19,0.07,0.05,0.0,0.0,0.0,0.49,0.25,0.0,1.61,1.1,0.0,0.91,0.68,0.0,0.49,0.25,0.73,1.58,0.4,0.42,2.28,1.5,0.41,1.08,0.1,0.16,1.43,0.99,1.25,0.71,0.3,0.18,0.82,0.61,0.15
698137,I. Hughes,CB,Wellington P FC,0.32,0.13,5.0,0.01,0.02,0.04,0.0,0.0,0.0,0.24,0.0,0.0,0.0,0.0,0.0,0.0,0.0,0.12,0.0,0.0,0.0,0.12,0.0,0.0,0.0,0.0,0.0,0.0,0.0,0.0,2.25,0.0,0.25,2.5,0.0,0.15,0.17,0.0,0.12,0.0,0.0,3.5,1.5,0.0,0.28,0.04,0.03,0.27,0.21,0.0,0.12,0.0,0.0,0.12,0.12,0.1,0.12,0.0,0.0,0.12,0.0,0.0,0.32,40.0,0.0,0.0,0.08,12.0,0.43,28.0,0.33,6.0,0.36,14.0,0.3,20.0,0.36,22.0,1.0,3.0,0.0,0.0,0.4,15.0,0.24,21.0,1.0,2.0,0.0,2.0,0.0,0.0,0.0,0.0,0.0,0.0,0.0,0.0,100.85,1,0.29,0.12,4.46,0.01,0.02,0.04,0.0,0.0,0.0,0.21,0.0,0.0,0.0,0.0,0.0,0.0,0.0,0.11,0.0,0.0,0.0,0.11,0.0,0.0,0.0,0.0,0.0,0.0,0.0,0.0,2.01,0.0,0.22,2.23,0.0,0.13,0.15,0.0,0.11,0.0,0.0,3.12,1.34,0.0,0.25,0.04,0.03,0.24,0.19,0.0,0.11,0.0,0.0,0.11,0.11,0.09,0.11,0.0,0.0,0.11,0.0,0.0
698137,I. Hughes,RCB,Wellington P FC,0.17,0.01,3.75,0.0,0.01,0.05,0.0,0.0,0.0,0.06,0.03,0.0,0.0,0.0,0.0,0.0,0.0,0.01,0.0,0.0,0.01,0.0,0.0,0.0,0.0,0.0,0.0,0.0,0.0,0.0,1.5,0.0,-0.5,2.75,0.0,0.01,0.16,0.0,0.0,0.01,0.0,2.0,1.75,0.04,0.06,0.07,0.03,0.13,0.13,0.0,0.0,0.01,0.0,0.01,0.01,0.11,0.01,0.0,0.0,0.01,0.0,0.0,0.25,20.0,0.0,0.0,0.33,3.0,0.24,17.0,0.33,3.0,0.4,5.0,0.17,12.0,0.44,9.0,0.0,1.0,0.0,0.0,0.0,6.0,0.2,5.0,0.0,1.0,1.0,1.0,0.0,0.0,0.0,0.0,0.0,0.0,0.43,7.0,90.08,1,0.17,0.01,3.75,0.0,0.01,0.05,0.0,0.0,0.0,0.06,0.03,0.0,0.0,0.0,0.0,0.0,0.0,0.01,0.0,0.0,0.01,0.0,0.0,0.0,0.0,0.0,0.0,0.0,0.0,0.0,1.5,0.0,-0.5,2.75,0.0,0.01,0.16,0.0,0.0,0.01,0.0,2.0,1.75,0.04,0.06,0.07,0.03,0.13,0.13,0.0,0.0,0.01,0.0,0.01,0.01,0.11,0.01,0.0,0.0,0.01,0.0,0.0
735573,T. Aquilina,LW,Newcastle,1.65,1.24,2.75,0.05,0.36,1.07,0.01,0.0,0.0,0.05,0.12,0.02,0.23,0.91,0.01,0.0,0.0,0.02,0.05,0.57,0.0,0.33,0.01,0.0,0.01,0.02,0.18,0.08,0.04,0.0,1.25,0.0,1.5,0.0,0.0,1.45,0.2,0.0,1.17,0.06,0.0,2.5,0.25,0.68,0.78,0.2,0.29,1.33,0.64,0.3,0.84,0.1,0.18,1.03,0.72,0.41,0.37,0.24,0.57,0.44,0.41,0.38,0.18,17.0,0.0,0.0,0.19,16.0,0.0,1.0,0.25,12.0,0.0,3.0,0.0,2.0,0.2,10.0,0.0,2.0,0.0,0.0,0.0,3.0,0.29,7.0,0.0,5.0,1.0,1.0,0.0,0.0,0.0,0.0,0.0,0.0,0.0,1.0,98.4,1,1.51,1.13,2.52,0.05,0.33,0.98,0.01,0.0,0.0,0.05,0.11,0.02,0.21,0.83,0.01,0.0,0.0,0.02,0.05,0.52,0.0,0.3,0.01,0.0,0.01,0.02,0.16,0.07,0.04,0.0,1.14,0.0,1.37,0.0,0.0,1.33,0.18,0.0,1.07,0.05,0.0,2.29,0.23,0.62,0.71,0.18,0.27,1.22,0.59,0.27,0.77,0.09,0.16,0.94,0.66,0.37,0.34,0.22,0.52,0.4,0.37,0.35
735574,K. Grozos,RDM,Newcastle,0.42,0.12,2.75,0.01,0.09,0.22,0.0,0.0,0.0,0.05,0.05,0.0,0.02,0.07,0.0,0.0,0.0,0.0,0.02,0.0,0.02,0.07,0.0,0.02,0.0,0.0,0.01,0.0,0.0,-0.5,1.25,0.0,-0.25,2.25,0.0,0.39,0.03,0.0,0.11,0.01,0.0,2.75,0.0,0.12,0.25,0.05,0.13,0.27,0.09,0.03,0.08,0.01,0.03,0.09,0.0,0.24,0.04,0.0,0.0,0.12,0.0,0.0,0.18,39.0,0.0,0.0,0.19,32.0,0.14,7.0,0.36,14.0,0.17,6.0,0.05,19.0,0.18,22.0,0.0,4.0,0.0,0.0,0.6,5.0,0.1,20.0,0.22,9.0,0.0,0.0,0.0,0.0,0.0,0.0,0.0,0.0,0.0,4.0,98.4,1,0.38,0.11,2.52,0.01,0.08,0.2,0.0,0.0,0.0,0.05,0.05,0.0,0.02,0.06,0.0,0.0,0.0,0.0,0.02,0.0,0.02,0.06,0.0,0.02,0.0,0.0,0.01,0.0,0.0,-0.46,1.14,0.0,-0.23,2.06,0.0,0.36,0.03,0.0,0.1,0.01,0.0,2.52,0.0,0.11,0.23,0.05,0.12,0.25,0.08,0.03,0.07,0.01,0.03,0.08,0.0,0.22,0.04,0.0,0.0,0.11,0.0,0.0
735578,M. Natta,LB,Newcastle,0.13,0.05,4.0,0.01,0.07,0.03,0.0,0.0,0.0,0.0,0.02,0.01,0.04,0.0,0.0,0.0,0.0,0.0,0.0,0.0,0.0,0.0,0.01,0.0,0.0,0.0,0.01,0.03,0.0,0.0,1.0,0.0,1.75,1.25,0.0,0.11,0.02,0.0,0.04,0.0,0.0,3.75,0.25,0.1,0.03,0.0,0.08,0.03,0.0,0.04,0.0,0.0,0.04,0.0,0.0,0.08,0.02,0.01,0.0,0.02,0.02,0.0,0.17,41.0,0.0,0.0,0.14,35.0,0.33,6.0,0.21,29.0,0.09,11.0,0.0,1.0,0.17,23.0,0.25,4.0,0.0,0.0,0.19,16.0,0.17,18.0,0.0,4.0,0.5,2.0,0.0,0.0,0.0,0.0,0.0,0.0,0.0,0.0,98.4,1,0.12,0.05,3.66,0.01,0.06,0.03,0.0,0.0,0.0,0.0,0.02,0.01,0.04,0.0,0.0,0.0,0.0,0.0,0.0,0.0,0.0,0.0,0.01,0.0,0.0,0.0,0.01,0.03,0.0,0.0,0.91,0.0,1.6,1.14,0.0,0.1,0.02,0.0,0.04,0.0,0.0,3.43,0.23,0.09,0.03,0.0,0.07,0.03,0.0,0.04,0.0,0.0,0.04,0.0,0.0,0.07,0.02,0.01,0.0,0.02,0.02,0.0
771859,P. Beach,GK,Melbourne City,0.01,0.0,0.0,0.0,0.0,0.0,0.0,0.0,0.0,0.0,0.0,0.0,0.0,0.0,0.0,0.0,0.0,0.0,0.0,0.0,0.0,0.0,0.0,0.0,0.0,0.0,0.0,0.0,0.0,0.0,0.0,0.0,0.0,0.0,0.0,0.01,0.0,0.0,0.0,0.0,0.0,0.0,0.0,0.0,0.01,0.0,0.0,0.0,0.0,0.0,0.0,0.0,0.0,0.0,0.0,0.0,0.0,0.0,0.0,0.0,0.0,0.0,0.3,33.0,0.48,12.5,0.2,20.5,0.0,0.0,0.2,10.0,0.39,9.0,0.32,14.0,0.4,15.0,0.0,0.0,0.0,0.0,0.29,15.5,0.28,14.5,0.0,0.0,0.5,3.0,0.0,0.0,0.0,0.0,0.0,0.0,0.0,0.0,197.47,2,0.0,0.0,0.0,0.0,0.0,0.0,0.0,0.0,0.0,0.0,0.0,0.0,0.0,0.0,0.0,0.0,0.0,0.0,0.0,0.0,0.0,0.0,0.0,0.0,0.0,0.0,0.0,0.0,0.0,0.0,0.0,0.0,0.0,0.0,0.0,0.0,0.0,0.0,0.0,0.0,0.0,0.0,0.0,0.0,0.0,0.0,0.0,0.0,0.0,0.0,0.0,0.0,0.0,0.0,0.0,0.0,0.0,0.0,0.0,0.0,0.0,0.0
795151,M. Memeti,CF,Melbourne City,2.45,1.4,1.0,0.02,0.45,1.08,0.09,0.12,0.47,0.19,0.03,0.0,0.14,0.7,0.07,0.06,0.43,0.0,0.0,0.17,0.01,1.0,0.0,0.0,0.02,0.0,0.2,0.0,0.0,0.0,0.25,0.0,0.75,0.0,0.91,1.54,0.0,0.62,0.78,0.0,0.5,0.5,0.0,0.13,2.12,0.19,0.26,2.19,1.28,0.14,1.17,0.09,0.05,1.35,1.0,1.23,0.62,0.12,0.39,0.67,0.34,0.39,0.67,3.0,0.67,3.0,0.0,0.0,0.0,0.0,0.0,0.0,0.0,0.0,0.67,3.0,1.0,2.0,0.0,1.0,0.0,0.0,0.0,0.0,0.0,0.0,0.0,0.0,0.0,0.0,1.0,1.0,1.0,1.0,0.0,0.0,0.0,1.0,90.22,1,2.44,1.4,1.0,0.02,0.45,1.08,0.09,0.12,0.47,0.19,0.03,0.0,0.14,0.7,0.07,0.06,0.43,0.0,0.0,0.17,0.01,1.0,0.0,0.0,0.02,0.0,0.2,0.0,0.0,0.0,0.25,0.0,0.75,0.0,0.91,1.54,0.0,0.62,0.78,0.0,0.5,0.5,0.0,0.13,2.11,0.19,0.26,2.18,1.28,0.14,1.17,0.09,0.05,1.35,1.0,1.23,0.62,0.12,0.39,0.67,0.34,0.39
795510,B. Kaltak,CB,CC Mariners,0.06,0.01,0.25,0.01,0.01,0.01,0.0,0.0,0.0,0.04,0.0,0.0,0.0,0.0,0.0,0.0,0.0,0.0,0.0,0.0,0.0,0.0,0.0,0.0,0.0,0.0,0.0,0.0,0.0,0.0,0.25,0.0,0.0,0.0,0.0,0.01,0.05,0.0,0.0,0.0,0.0,0.25,0.0,0.01,0.05,0.0,0.02,0.04,0.04,0.0,0.0,0.0,0.0,0.0,0.0,0.05,0.0,0.0,0.0,0.01,0.0,0.0,0.34,32.0,0.0,0.0,0.25,12.0,0.4,20.0,0.21,14.0,0.6,5.0,0.38,13.0,0.42,26.0,0.0,1.0,0.0,0.0,0.42,12.0,0.31,16.0,0.0,1.0,0.33,3.0,0.0,0.0,0.0,0.0,0.0,0.0,0.0,0.0,98.72,1,0.05,0.01,0.23,0.01,0.01,0.01,0.0,0.0,0.0,0.04,0.0,0.0,0.0,0.0,0.0,0.0,0.0,0.0,0.0,0.0,0.0,0.0,0.0,0.0,0.0,0.0,0.0,0.0,0.0,0.0,0.23,0.0,0.0,0.0,0.0,0.01,0.05,0.0,0.0,0.0,0.0,0.23,0.0,0.01,0.05,0.0,0.02,0.04,0.04,0.0,0.0,0.0,0.0,0.0,0.0,0.05,0.0,0.0,0.0,0.01,0.0,0.0
795511,N. Paull,LCB,CC Mariners,0.63,0.47,2.0,0.0,0.02,0.01,0.0,0.46,0.0,0.13,0.0,0.0,0.0,0.0,0.0,0.46,0.0,0.0,0.0,0.46,0.0,0.0,0.0,0.0,0.0,0.0,0.0,0.0,0.0,0.0,0.5,0.0,1.25,0.25,0.0,0.01,0.62,0.0,0.0,0.47,0.0,1.0,1.0,0.54,0.04,0.04,0.03,0.59,0.09,0.47,0.0,0.0,0.0,0.46,0.46,0.15,0.0,0.46,0.0,0.0,0.46,0.0,0.29,35.0,0.0,0.0,0.23,13.0,0.32,22.0,0.23,26.0,0.5,8.0,0.0,1.0,0.36,14.0,0.5,2.0,0.0,0.0,0.19,16.0,0.33,12.0,0.0,0.0,0.67,3.0,0.0,1.0,0.0,0.0,1.0,1.0,0.0,2.0,98.72,1,0.57,0.43,1.82,0.0,0.02,0.01,0.0,0.42,0.0,0.12,0.0,0.0,0.0,0.0,0.0,0.42,0.0,0.0,0.0,0.42,0.0,0.0,0.0,0.0,0.0,0.0,0.0,0.0,0.0,0.0,0.46,0.0,1.14,0.23,0.0,0.01,0.57,0.0,0.0,0.43,0.0,0.91,0.91,0.49,0.04,0.04,0.03,0.54,0.08,0.43,0.0,0.0,0.0,0.42,0.42,0.14,0.0,0.42,0.0,0.0,0.42,0.0
795529,M. Ruhs,CF,Western United,4.89,3.16,0.75,0.05,1.01,1.34,0.2,0.73,0.45,0.0,1.1,0.0,0.66,0.84,0.1,0.34,0.41,0.0,0.81,1.09,0.02,1.53,0.0,0.0,0.0,0.0,0.46,0.04,0.02,0.0,0.0,0.0,0.5,0.25,3.54,1.34,0.0,2.19,0.97,0.0,0.75,0.0,0.0,1.14,3.38,0.36,0.87,4.0,1.77,0.51,2.54,0.11,0.15,3.0,1.64,2.01,0.62,0.88,0.43,1.53,1.5,0.1,0.26,9.5,0.31,8.0,0.0,1.5,0.0,0.0,0.4,5.0,0.16,3.0,0.0,1.5,0.1,5.0,0.43,3.5,0.0,0.0,0.0,0.0,0.14,3.5,0.16,3.0,0.0,0.0,0.5,1.0,0.0,0.5,0.0,0.0,0.67,1.5,145.48,2,3.03,1.95,0.46,0.03,0.62,0.83,0.12,0.45,0.28,0.0,0.68,0.0,0.41,0.52,0.06,0.21,0.25,0.0,0.5,0.67,0.01,0.95,0.0,0.0,0.0,0.0,0.28,0.02,0.01,0.0,0.0,0.0,0.31,0.15,2.19,0.83,0.0,1.35,0.6,0.0,0.46,0.0,0.0,0.71,2.09,0.22,0.54,2.47,1.09,0.32,1.57,0.07,0.09,1.86,1.01,1.24,0.38,0.54,0.27,0.95,0.93,0.06
795530,N. Pennington,LM,Perth Glory,0.56,0.27,6.0,0.02,0.07,0.37,0.0,0.01,0.02,0.0,0.08,0.01,0.03,0.17,0.0,0.0,0.0,0.0,0.06,0.0,0.02,0.1,0.0,0.0,0.0,0.0,0.07,0.06,0.02,0.0,1.25,0.5,3.0,1.25,0.04,0.52,0.0,0.0,0.26,0.0,1.25,4.75,0.0,0.13,0.24,0.19,0.17,0.36,0.1,0.05,0.12,0.1,0.06,0.2,0.1,0.33,0.14,0.07,0.0,0.23,0.04,0.0,0.33,30.0,0.6,5.0,0.28,25.0,0.0,0.0,0.36,11.0,0.29,7.0,0.33,12.0,0.31,13.0,0.44,9.0,1.0,2.0,0.17,6.0,0.36,11.0,0.29,7.0,0.0,0.0,0.0,0.0,0.5,2.0,0.0,0.0,0.5,4.0,102.13,1,0.49,0.24,5.29,0.02,0.06,0.33,0.0,0.01,0.02,0.0,0.07,0.01,0.03,0.15,0.0,0.0,0.0,0.0,0.05,0.0,0.02,0.09,0.0,0.0,0.0,0.0,0.06,0.05,0.02,0.0,1.1,0.44,2.64,1.1,0.04,0.46,0.0,0.0,0.23,0.0,1.1,4.19,0.0,0.11,0.21,0.17,0.15,0.32,0.09,0.04,0.11,0.09,0.05,0.18,0.09,0.29,0.12,0.06,0.0,0.2,0.04,0.0
795537,T. Waddingham,CF,Brisbane FC,4.52,1.17,-0.25,0.02,0.42,2.88,0.04,0.91,0.0,0.05,0.2,0.0,0.1,0.61,0.0,0.33,0.0,0.03,0.1,0.2,0.0,0.63,0.0,0.0,0.02,0.0,0.23,0.09,0.0,0.0,0.0,0.0,-0.5,0.25,0.0,2.27,2.25,0.0,0.51,0.66,0.0,-0.25,0.0,0.19,4.07,0.25,0.26,4.25,3.15,0.03,0.97,0.16,0.04,1.13,0.72,3.34,0.92,0.03,0.0,1.04,0.13,0.0,0.5,6.0,0.0,0.0,0.6,5.0,0.0,1.0,0.5,2.0,0.5,2.0,0.5,2.0,0.5,2.0,0.5,4.0,0.5,2.0,0.0,0.0,1.0,1.0,0.67,3.0,0.0,0.0,0.0,0.0,0.0,0.0,0.0,2.0,0.0,0.0,102.13,1,3.98,1.03,-0.22,0.02,0.37,2.54,0.04,0.8,0.0,0.04,0.18,0.0,0.09,0.54,0.0,0.29,0.0,0.03,0.09,0.18,0.0,0.56,0.0,0.0,0.02,0.0,0.2,0.08,0.0,0.0,0.0,0.0,-0.44,0.22,0.0,2.0,1.98,0.0,0.45,0.58,0.0,-0.22,0.0,0.17,3.59,0.22,0.23,3.75,2.78,0.03,0.85,0.14,0.04,1.0,0.63,2.94,0.81,0.03,0.0,0.92,0.11,0.0
795544,W. Kamijo,RM,Sydney FC,0.45,0.02,3.0,0.01,0.05,0.18,0.0,0.07,0.02,0.05,0.07,0.0,0.0,0.0,0.0,0.0,0.0,0.01,0.0,0.0,0.01,0.0,0.01,0.0,0.0,0.0,0.0,0.0,0.0,0.0,1.75,0.0,1.0,0.25,0.0,0.01,0.44,0.0,0.0,0.02,0.0,1.0,2.0,0.08,0.09,0.28,0.16,0.27,0.01,0.0,0.0,0.01,0.01,0.01,0.0,0.38,0.0,0.0,0.0,0.02,0.0,0.0,0.31,36.0,0.0,0.0,0.0,1.0,0.31,35.0,0.38,8.0,0.33,9.0,0.26,19.0,0.3,23.0,0.44,9.0,0.0,1.0,0.0,2.0,0.18,17.0,0.33,9.0,0.0,0.0,0.0,1.0,0.0,1.0,0.5,2.0,1.0,4.0,94.65,1,0.43,0.02,2.85,0.01,0.05,0.17,0.0,0.07,0.02,0.05,0.07,0.0,0.0,0.0,0.0,0.0,0.0,0.01,0.0,0.0,0.01,0.0,0.01,0.0,0.0,0.0,0.0,0.0,0.0,0.0,1.66,0.0,0.95,0.24,0.0,0.01,0.42,0.0,0.0,0.02,0.0,0.95,1.9,0.08,0.09,0.27,0.15,0.26,0.01,0.0,0.0,0.01,0.01,0.01,0.0,0.36,0.0,0.0,0.0,0.02,0.0,0.0
799092,M. Sheridan,RCB,Wellington P FC,0.46,0.16,5.75,0.0,0.05,0.39,0.0,0.0,0.01,0.0,0.0,0.0,0.01,0.15,0.0,0.0,0.0,0.0,0.0,0.0,0.0,0.0,0.0,0.03,0.0,0.0,0.03,0.08,0.01,1.5,2.25,0.0,2.0,0.0,0.0,0.04,0.42,0.0,0.02,0.14,0.0,1.25,4.5,0.0,0.23,0.23,0.09,0.35,0.25,0.0,0.01,0.15,0.08,0.08,0.05,0.33,0.03,0.07,0.0,0.07,0.07,0.0,0.39,28.0,0.0,0.0,0.8,5.0,0.3,23.0,0.0,0.0,0.4,5.0,0.39,23.0,0.44,16.0,0.29,7.0,0.0,0.0,0.0,2.0,0.42,12.0,0.17,6.0,0.6,5.0,0.0,0.0,0.0,0.0,0.0,0.0,0.5,2.0,100.85,1,0.41,0.14,5.13,0.0,0.04,0.35,0.0,0.0,0.01,0.0,0.0,0.0,0.01,0.13,0.0,0.0,0.0,0.0,0.0,0.0,0.0,0.0,0.0,0.03,0.0,0.0,0.03,0.07,0.01,1.34,2.01,0.0,1.78,0.0,0.0,0.04,0.37,0.0,0.02,0.12,0.0,1.12,4.02,0.0,0.21,0.21,0.08,0.31,0.22,0.0,0.01,0.13,0.07,0.07,0.04,0.29,0.03,0.06,0.0,0.06,0.06,0.0
800322,J. Inserra,RB,Melbourne V FC,0.5,0.2,4.0,0.0,0.07,0.4,0.01,0.0,0.02,0.0,0.01,0.0,0.04,0.14,0.0,0.0,0.01,0.0,0.0,0.01,0.0,0.0,0.01,0.02,0.0,0.02,0.11,0.03,0.0,0.0,0.75,0.0,2.25,1.0,0.0,0.15,0.35,0.0,0.07,0.13,0.0,3.75,0.25,0.0,0.2,0.3,0.11,0.39,0.16,0.0,0.0,0.19,0.06,0.13,0.0,0.31,0.13,0.01,0.01,0.14,0.03,0.01,0.43,28.0,0.0,0.0,0.47,15.0,0.38,13.0,0.4,5.0,0.67,6.0,0.35,17.0,0.43,14.0,0.55,11.0,1.0,1.0,0.0,1.0,0.33,12.0,0.33,9.0,1.0,1.0,0.0,0.0,1.0,2.0,0.0,0.0,0.67,3.0,97.42,1,0.46,0.18,3.7,0.0,0.06,0.37,0.01,0.0,0.02,0.0,0.01,0.0,0.04,0.13,0.0,0.0,0.01,0.0,0.0,0.01,0.0,0.0,0.01,0.02,0.0,0.02,0.1,0.03,0.0,0.0,0.69,0.0,2.08,0.92,0.0,0.14,0.32,0.0,0.06,0.12,0.0,3.46,0.23,0.0,0.18,0.28,0.1,0.36,0.15,0.0,0.0,0.18,0.06,0.12,0.0,0.29,0.12,0.01,0.01,0.13,0.03,0.01
809070,E. Cox,GK,Adelaide United,0.0,0.0,0.0,0.0,0.0,0.0,0.0,0.0,0.0,0.0,0.0,0.0,0.0,0.0,0.0,0.0,0.0,0.0,0.0,0.0,0.0,0.0,0.0,0.0,0.0,0.0,0.0,0.0,0.0,0.0,0.0,0.0,0.0,0.0,0.0,0.0,0.0,0.0,0.0,0.0,0.0,0.0,0.0,0.0,0.0,0.0,0.0,0.0,0.0,0.0,0.0,0.0,0.0,0.0,0.0,0.0,0.0,0.0,0.0,0.0,0.0,0.0,0.64,14.0,0.0,0.0,0.8,5.0,0.56,9.0,0.5,4.0,0.6,5.0,0.8,5.0,0.6,5.0,0.0,0.0,0.0,0.0,0.67,9.0,0.0,0.0,0.0,0.0,0.6,5.0,0.0,0.0,0.0,0.0,0.0,0.0,0.0,0.0,96.0,1,0.0,0.0,0.0,0.0,0.0,0.0,0.0,0.0,0.0,0.0,0.0,0.0,0.0,0.0,0.0,0.0,0.0,0.0,0.0,0.0,0.0,0.0,0.0,0.0,0.0,0.0,0.0,0.0,0.0,0.0,0.0,0.0,0.0,0.0,0.0,0.0,0.0,0.0,0.0,0.0,0.0,0.0,0.0,0.0,0.0,0.0,0.0,0.0,0.0,0.0,0.0,0.0,0.0,0.0,0.0,0.0,0.0,0.0,0.0,0.0,0.0,0.0
809166,A. Lebib,RCB,Perth Glory,0.04,0.01,2.5,0.0,0.02,0.02,0.0,0.0,0.0,0.0,0.0,0.0,0.0,0.0,0.0,0.0,0.0,0.0,0.0,0.0,0.0,0.0,0.01,0.0,0.0,0.0,0.0,0.0,0.0,0.0,1.75,0.0,0.0,0.75,0.01,0.03,0.0,0.0,0.0,0.0,0.25,2.25,0.0,0.0,0.02,0.02,0.04,0.0,0.0,0.0,0.0,0.0,0.0,0.0,0.0,0.02,0.0,0.0,0.0,0.01,0.0,0.0,0.11,27.0,0.0,1.0,0.12,26.0,0.0,0.0,0.0,2.0,0.09,11.0,0.14,14.0,0.2,15.0,0.0,2.0,0.0,0.0,0.18,11.0,0.09,11.0,0.0,3.0,0.0,0.0,0.0,0.0,0.0,0.0,0.0,0.0,0.0,2.0,102.13,1,0.04,0.01,2.2,0.0,0.02,0.02,0.0,0.0,0.0,0.0,0.0,0.0,0.0,0.0,0.0,0.0,0.0,0.0,0.0,0.0,0.0,0.0,0.01,0.0,0.0,0.0,0.0,0.0,0.0,0.0,1.54,0.0,0.0,0.66,0.01,0.03,0.0,0.0,0.0,0.0,0.22,1.98,0.0,0.0,0.02,0.02,0.04,0.0,0.0,0.0,0.0,0.0,0.0,0.0,0.0,0.02,0.0,0.0,0.0,0.01,0.0,0.0
809759,P. Kikianis,LCB,Adelaide United,0.18,0.0,7.75,0.0,0.07,0.02,0.0,0.0,0.0,0.09,0.0,0.0,0.0,0.0,0.0,0.0,0.0,0.0,0.0,0.0,0.0,0.0,0.0,0.0,0.0,0.0,0.0,0.0,0.0,0.0,3.5,0.0,2.5,1.75,0.0,0.04,0.14,0.0,0.0,0.0,0.0,1.5,6.25,0.02,0.14,0.02,0.04,0.14,0.09,0.0,0.0,0.0,0.0,0.0,0.0,0.15,0.0,0.0,0.0,0.0,0.0,0.0,0.32,40.0,0.0,0.0,0.24,17.0,0.39,23.0,0.38,16.0,0.33,18.0,0.17,6.0,0.43,28.0,0.0,2.0,0.0,0.0,0.18,11.0,0.42,19.0,0.0,2.0,0.67,3.0,0.0,0.0,0.0,0.0,0.0,0.0,0.0,4.0,96.0,1,0.17,0.0,7.27,0.0,0.07,0.02,0.0,0.0,0.0,0.08,0.0,0.0,0.0,0.0,0.0,0.0,0.0,0.0,0.0,0.0,0.0,0.0,0.0,0.0,0.0,0.0,0.0,0.0,0.0,0.0,3.28,0.0,2.34,1.64,0.0,0.04,0.13,0.0,0.0,0.0,0.0,1.41,5.86,0.02,0.13,0.02,0.04,0.13,0.08,0.0,0.0,0.0,0.0,0.0,0.0,0.14,0.0,0.0,0.0,0.0,0.0,0.0
811820,K. Bos,LB,Melbourne V FC,1.57,0.41,1.75,0.01,0.18,1.23,0.02,0.0,0.03,0.07,0.04,0.0,0.07,0.3,0.0,0.0,0.01,0.0,0.01,0.0,0.0,0.0,0.01,0.07,0.0,0.01,0.19,0.12,0.0,0.0,1.0,0.0,0.25,0.5,0.47,0.6,0.5,0.12,0.18,0.11,0.75,0.75,0.25,1.24,0.31,0.01,0.23,1.33,0.23,0.32,0.09,0.0,0.06,0.35,0.03,0.96,0.16,0.15,0.01,0.27,0.13,0.0,0.15,36.5,0.12,8.0,0.16,22.0,0.15,6.5,0.11,26.0,0.26,9.5,0.0,1.0,0.16,18.0,0.17,15.0,0.5,2.0,0.0,1.0,0.23,15.5,0.07,14.5,0.0,0.5,0.0,0.0,0.0,1.0,0.5,2.0,0.0,2.0,196.24,2,0.72,0.19,0.8,0.0,0.08,0.56,0.01,0.0,0.01,0.03,0.02,0.0,0.03,0.14,0.0,0.0,0.0,0.0,0.0,0.0,0.0,0.0,0.0,0.03,0.0,0.0,0.09,0.06,0.0,0.0,0.46,0.0,0.11,0.23,0.22,0.28,0.23,0.06,0.08,0.05,0.34,0.34,0.11,0.57,0.14,0.0,0.11,0.61,0.11,0.15,0.04,0.0,0.03,0.16,0.01,0.44,0.07,0.07,0.0,0.12,0.06,0.0
923862,D. Peraic-Cullen,GK,CC Mariners,0.0,0.0,0.0,0.0,0.0,0.0,0.0,0.0,0.0,0.0,0.0,0.0,0.0,0.0,0.0,0.0,0.0,0.0,0.0,0.0,0.0,0.0,0.0,0.0,0.0,0.0,0.0,0.0,0.0,0.0,0.0,0.0,0.0,0.0,0.0,0.0,0.0,0.0,0.0,0.0,0.0,0.0,0.0,0.0,0.0,0.0,0.0,0.0,0.0,0.0,0.0,0.0,0.0,0.0,0.0,0.0,0.0,0.0,0.0,0.0,0.0,0.0,0.38,13.0,0.0,0.0,0.44,9.0,0.25,4.0,0.25,4.0,0.67,6.0,0.0,3.0,0.5,8.0,1.0,1.0,0.0,0.0,0.17,6.0,0.0,0.0,0.0,0.0,0.67,6.0,0.0,0.0,0.0,0.0,0.0,0.0,0.0,1.0,98.72,1,0.0,0.0,0.0,0.0,0.0,0.0,0.0,0.0,0.0,0.0,0.0,0.0,0.0,0.0,0.0,0.0,0.0,0.0,0.0,0.0,0.0,0.0,0.0,0.0,0.0,0.0,0.0,0.0,0.0,0.0,0.0,0.0,0.0,0.0,0.0,0.0,0.0,0.0,0.0,0.0,0.0,0.0,0.0,0.0,0.0,0.0,0.0,0.0,0.0,0.0,0.0,0.0,0.0,0.0,0.0,0.0,0.0,0.0,0.0,0.0,0.0,0.0
931987,H. Devenish-Meares,GK,Sydney FC,0.0,0.0,0.0,0.0,0.0,0.0,0.0,0.0,0.0,0.0,0.0,0.0,0.0,0.0,0.0,0.0,0.0,0.0,0.0,0.0,0.0,0.0,0.0,0.0,0.0,0.0,0.0,0.0,0.0,0.0,0.0,0.0,0.0,0.0,0.0,0.0,0.0,0.0,0.0,0.0,0.0,0.0,0.0,0.0,0.0,0.0,0.0,0.0,0.0,0.0,0.0,0.0,0.0,0.0,0.0,0.0,0.0,0.0,0.0,0.0,0.0,0.0,0.25,16.0,0.33,3.0,0.29,8.5,0.11,4.5,0.17,3.0,0.3,5.0,0.25,8.0,0.16,6.0,0.0,0.0,0.0,0.0,0.3,10.0,0.5,2.0,0.0,0.0,0.0,3.0,0.0,0.0,0.0,0.0,0.0,0.0,0.0,1.0,190.65,2,0.0,0.0,0.0,0.0,0.0,0.0,0.0,0.0,0.0,0.0,0.0,0.0,0.0,0.0,0.0,0.0,0.0,0.0,0.0,0.0,0.0,0.0,0.0,0.0,0.0,0.0,0.0,0.0,0.0,0.0,0.0,0.0,0.0,0.0,0.0,0.0,0.0,0.0,0.0,0.0,0.0,0.0,0.0,0.0,0.0,0.0,0.0,0.0,0.0,0.0,0.0,0.0,0.0,0.0,0.0,0.0,0.0,0.0,0.0,0.0,0.0,0.0
957734,C. Piper,RM,Wellington P FC,1.14,0.78,2.75,0.05,0.3,0.52,0.03,0.1,0.07,0.01,0.08,0.03,0.21,0.39,0.01,0.07,0.05,0.0,0.02,0.05,0.0,0.33,0.03,0.06,0.0,0.01,0.3,0.01,0.0,0.0,0.5,0.0,1.25,1.0,0.0,0.28,0.86,0.0,0.23,0.55,0.0,0.75,2.0,0.1,0.49,0.55,0.32,0.82,0.33,0.02,0.47,0.3,0.21,0.57,0.33,0.34,0.18,0.21,0.25,0.3,0.34,0.14,0.41,17.0,0.0,0.0,0.67,3.0,0.36,14.0,0.5,2.0,0.33,3.0,0.42,12.0,0.2,5.0,0.5,10.0,0.5,2.0,1.0,1.0,0.25,4.0,0.25,4.0,0.67,3.0,0.0,0.0,0.5,2.0,0.0,0.0,0.33,3.0,98.82,1,1.04,0.71,2.5,0.05,0.27,0.47,0.03,0.09,0.06,0.01,0.07,0.03,0.19,0.36,0.01,0.06,0.05,0.0,0.02,0.05,0.0,0.3,0.03,0.05,0.0,0.01,0.27,0.01,0.0,0.0,0.46,0.0,1.14,0.91,0.0,0.26,0.78,0.0,0.21,0.5,0.0,0.68,1.82,0.09,0.45,0.5,0.29,0.75,0.3,0.02,0.43,0.27,0.19,0.52,0.3,0.31,0.16,0.19,0.23,0.27,0.31,0.13
957737,D. Leonard,LCB,Western United,0.2,0.01,4.75,0.01,0.04,0.05,0.02,0.02,0.0,0.04,0.01,0.0,0.01,0.0,0.0,0.0,0.0,0.0,0.0,0.0,0.0,0.0,0.0,0.0,0.0,0.0,0.0,0.01,0.0,0.0,0.75,0.0,0.5,3.5,0.15,0.05,0.0,0.01,0.0,0.0,4.75,0.0,0.0,0.11,0.07,0.01,0.07,0.09,0.04,0.01,0.01,0.0,0.01,0.0,0.0,0.05,0.01,0.02,0.0,0.01,0.01,0.0,0.27,46.5,0.29,33.0,0.23,13.5,0.0,0.0,0.24,27.5,0.37,15.0,0.12,4.0,0.33,24.5,0.3,5.0,0.0,0.0,0.22,15.5,0.23,19.5,0.0,2.5,0.83,3.0,0.0,0.0,0.0,0.0,0.0,0.0,0.25,4.0,194.48,2,0.09,0.0,2.2,0.0,0.02,0.02,0.01,0.01,0.0,0.02,0.0,0.0,0.0,0.0,0.0,0.0,0.0,0.0,0.0,0.0,0.0,0.0,0.0,0.0,0.0,0.0,0.0,0.0,0.0,0.0,0.35,0.0,0.23,1.62,0.07,0.02,0.0,0.0,0.0,0.0,2.2,0.0,0.0,0.05,0.03,0.0,0.03,0.04,0.02,0.0,0.0,0.0,0.0,0.0,0.0,0.02,0.0,0.01,0.0,0.0,0.0,0.0
965685,L. Gillion,LW,Auckland FC,6.13,3.81,2.25,0.03,0.83,3.64,0.18,0.61,0.3,0.31,0.22,0.0,0.6,2.21,0.15,0.49,0.28,0.02,0.06,0.43,0.01,2.34,0.02,0.05,0.04,0.03,0.72,0.16,0.0,0.0,0.75,0.0,1.25,0.25,2.05,4.06,0.0,1.2,2.62,0.0,1.0,1.25,0.0,2.44,3.65,0.03,0.86,5.26,2.89,1.02,2.78,0.03,0.51,3.3,2.68,2.33,1.25,1.35,0.95,2.15,1.01,0.67,0.37,18.0,0.31,4.33,0.39,13.67,0.0,0.0,0.33,10.0,0.47,6.33,0.2,1.67,0.33,8.0,0.41,9.67,0.4,3.33,0.0,0.33,0.3,5.67,0.44,10.0,0.0,0.0,0.0,0.33,0.33,1.0,0.5,0.67,0.0,0.0,194.95,3,2.83,1.76,1.04,0.01,0.38,1.68,0.08,0.28,0.14,0.14,0.1,0.0,0.28,1.02,0.07,0.23,0.13,0.01,0.03,0.2,0.0,1.08,0.01,0.02,0.02,0.01,0.33,0.07,0.0,0.0,0.35,0.0,0.58,0.12,0.95,1.87,0.0,0.55,1.21,0.0,0.46,0.58,0.0,1.13,1.69,0.01,0.4,2.43,1.33,0.47,1.28,0.01,0.24,1.52,1.24,1.08,0.58,0.62,0.44,0.99,0.47,0.31
965697,L. Herrington,RCB,Brisbane FC,0.11,0.0,2.5,0.0,0.04,0.07,0.0,0.0,0.0,0.0,0.0,0.0,0.0,0.0,0.0,0.0,0.0,0.0,0.0,0.0,0.0,0.0,0.0,0.0,0.0,0.0,0.0,0.0,0.0,0.0,-0.25,0.0,1.25,1.5,0.0,0.07,0.05,0.0,0.0,0.0,0.0,1.5,1.0,0.0,0.05,0.06,0.1,0.0,0.0,0.0,0.0,0.0,0.0,0.0,0.0,0.05,0.0,0.0,0.0,0.0,0.0,0.0,0.28,57.0,0.0,0.0,0.25,40.0,0.35,17.0,0.2,10.0,0.21,19.0,0.36,28.0,0.33,36.0,0.38,8.0,0.0,0.0,0.12,8.0,0.23,35.0,0.43,7.0,0.67,6.0,0.0,1.0,0.0,0.0,0.0,0.0,0.0,0.0,102.13,1,0.1,0.0,2.2,0.0,0.04,0.06,0.0,0.0,0.0,0.0,0.0,0.0,0.0,0.0,0.0,0.0,0.0,0.0,0.0,0.0,0.0,0.0,0.0,0.0,0.0,0.0,0.0,0.0,0.0,0.0,-0.22,0.0,1.1,1.32,0.0,0.06,0.04,0.0,0.0,0.0,0.0,1.32,0.88,0.0,0.04,0.05,0.09,0.0,0.0,0.0,0.0,0.0,0.0,0.0,0.0,0.04,0.0,0.0,0.0,0.0,0.0,0.0
973078,F. Talladira,LB,Adelaide United,0.16,0.02,2.5,0.01,0.06,0.03,0.0,0.0,0.0,0.05,0.01,0.0,0.01,0.0,0.0,0.0,0.0,0.01,0.0,0.0,0.0,0.0,0.01,0.0,0.0,0.01,0.0,0.01,0.0,0.0,0.5,0.0,0.5,1.5,0.0,0.04,0.12,0.0,0.02,0.01,0.0,0.0,2.5,0.1,0.07,0.0,0.08,0.07,0.04,0.01,0.01,0.0,0.01,0.01,0.0,0.14,0.01,0.0,0.0,0.02,0.0,0.0,0.21,29.0,0.0,0.0,0.31,13.0,0.12,16.0,0.19,21.0,0.29,7.0,0.0,1.0,0.24,21.0,0.25,4.0,0.0,0.0,0.2,5.0,0.17,18.0,0.0,2.0,1.0,1.0,0.0,0.0,0.0,0.0,0.0,1.0,1.0,1.0,96.0,1,0.15,0.02,2.34,0.01,0.06,0.03,0.0,0.0,0.0,0.05,0.01,0.0,0.01,0.0,0.0,0.0,0.0,0.01,0.0,0.0,0.0,0.0,0.01,0.0,0.0,0.01,0.0,0.01,0.0,0.0,0.47,0.0,0.47,1.41,0.0,0.04,0.11,0.0,0.02,0.01,0.0,0.0,2.34,0.09,0.07,0.0,0.08,0.07,0.04,0.01,0.01,0.0,0.01,0.01,0.0,0.13,0.01,0.0,0.0,0.02,0.0,0.0
998256,K. Shaw,LCB,Sydney FC,0.17,0.01,4.75,0.0,0.04,0.05,0.0,0.0,0.0,0.06,0.01,0.0,0.0,0.0,0.0,0.0,0.0,0.0,0.0,0.0,0.01,0.0,0.0,0.0,0.0,0.0,0.0,0.0,0.0,0.0,1.75,0.0,0.75,2.25,0.03,0.05,0.09,0.0,0.0,0.0,3.25,1.0,0.5,0.03,0.11,0.03,0.11,0.06,0.04,0.0,0.0,0.0,0.01,0.0,0.0,0.14,0.0,0.0,0.0,0.01,0.0,0.0,0.35,16.0,0.33,7.5,0.38,6.5,0.25,2.0,0.22,9.0,0.7,5.0,0.0,2.0,0.39,11.5,0.0,0.5,0.0,0.0,0.28,3.5,0.41,11.0,0.0,1.0,0.0,0.0,0.0,0.0,0.0,0.0,0.0,0.0,0.0,0.5,128.42,2,0.12,0.01,3.33,0.0,0.03,0.04,0.0,0.0,0.0,0.04,0.01,0.0,0.0,0.0,0.0,0.0,0.0,0.0,0.0,0.0,0.01,0.0,0.0,0.0,0.0,0.0,0.0,0.0,0.0,0.0,1.23,0.0,0.53,1.58,0.02,0.04,0.06,0.0,0.0,0.0,2.28,0.7,0.35,0.02,0.08,0.02,0.08,0.04,0.03,0.0,0.0,0.0,0.01,0.0,0.0,0.1,0.0,0.0,0.0,0.01,0.0,0.0
